match_id,utc_date,matchday,season_id,season,home_team,away_team,home_form,away_form,home_form_home,away_form_away,heimquote,home_streak,away_streak,home_goal_diff,away_goal_diff,is_promoted_home,is_promoted_away,winner
502371,2024-08-23 18:30:00,1,2308,2024,Borussia Mönchengladbach,Bayer 04 Leverkusen,3,11,3,13,0.3333333333333333,0,3,-1.0,2.0,0,0,AWAY_TEAM
502372,2024-08-24 13:30:00,1,2308,2024,RB Leipzig,VfL Bochum 1848,9,6,11,3,0.6666666666666666,0,0,0.8,-1.4,0,0,HOME_TEAM
502374,2024-08-24 13:30:00,1,2308,2024,TSG 1899 Hoffenheim,Holstein Kiel,10,0,10,0,0.4166666666666667,2,0,1.6,0.0,0,1,HOME_TEAM
502375,2024-08-24 13:30:00,1,2308,2024,SC Freiburg,VfB Stuttgart,3,10,2,10,0.16666666666666666,0,3,-0.4,1.2,0,0,HOME_TEAM
502376,2024-08-24 13:30:00,1,2308,2024,FC Augsburg,SV Werder Bremen,0,11,7,5,0.3333333333333333,0,1,-2.2,1.4,0,0,DRAW
502378,2024-08-24 13:30:00,1,2308,2024,1. FSV Mainz 05,1. FC Union Berlin,9,4,13,2,0.4166666666666667,2,1,1.0,-1.0,0,0,DRAW
502373,2024-08-24 16:30:00,1,2308,2024,Borussia Dortmund,Eintracht Frankfurt,7,5,10,4,0.5,1,0,0.4,-0.6,0,0,HOME_TEAM
502377,2024-08-25 13:30:00,1,2308,2024,VfL Wolfsburg,FC Bayern München,9,9,6,6,0.25,0,0,0.2,0.6,0,0,AWAY_TEAM
502379,2024-08-25 15:30:00,1,2308,2024,FC St. Pauli 1910,1. FC Heidenheim 1846,0,8,0,6,0.5,0,1,0.0,0.6,1,0,AWAY_TEAM
502386,2024-08-30 18:30:00,2,2308,2024,1. FC Union Berlin,FC St. Pauli 1910,5,0,6,0,0.5,0,0,-0.2,-2.0,0,1,HOME_TEAM
502381,2024-08-31 13:30:00,2,2308,2024,VfB Stuttgart,1. FSV Mainz 05,10,9,13,6,0.75,0,0,1.0,1.0,0,0,DRAW
502383,2024-08-31 13:30:00,2,2308,2024,Eintracht Frankfurt,TSG 1899 Hoffenheim,2,10,6,3,0.4166666666666667,0,3,-1.4,1.6,0,0,HOME_TEAM
502385,2024-08-31 13:30:00,2,2308,2024,SV Werder Bremen,Borussia Dortmund,9,9,7,9,0.3333333333333333,0,2,1.2,0.8,0,0,DRAW
502387,2024-08-31 13:30:00,2,2308,2024,VfL Bochum 1848,Borussia Mönchengladbach,6,3,5,5,0.4166666666666667,0,0,-1.4,-1.0,0,0,AWAY_TEAM
502388,2024-08-31 13:30:00,2,2308,2024,Holstein Kiel,VfL Wolfsburg,0,6,0,6,0.5,0,0,-1.0,-0.2,1,0,AWAY_TEAM
502380,2024-08-31 16:30:00,2,2308,2024,Bayer 04 Leverkusen,RB Leipzig,13,9,13,11,0.75,4,1,2.2,0.8,0,0,AWAY_TEAM
502384,2024-09-01 13:30:00,2,2308,2024,1. FC Heidenheim 1846,FC Augsburg,11,1,8,3,0.3333333333333333,2,0,1.2,-1.8,0,0,HOME_TEAM
502382,2024-09-01 15:30:00,2,2308,2024,FC Bayern München,SC Freiburg,9,5,12,10,0.8333333333333334,1,1,0.0,0.0,0,0,HOME_TEAM
502390,2024-09-13 18:30:00,3,2308,2024,Borussia Dortmund,1. FC Heidenheim 1846,10,11,10,9,0.5833333333333334,0,3,1.4,1.8,0,0,HOME_TEAM
502389,2024-09-14 13:30:00,3,2308,2024,RB Leipzig,1. FC Union Berlin,9,7,11,3,0.6666666666666666,2,1,0.4,0.0,0,0,DRAW
502391,2024-09-14 13:30:00,3,2308,2024,TSG 1899 Hoffenheim,Bayer 04 Leverkusen,10,12,13,13,0.5,0,0,1.4,2.0,0,0,AWAY_TEAM
502392,2024-09-14 13:30:00,3,2308,2024,SC Freiburg,VfL Bochum 1848,5,3,5,3,0.25,0,0,-0.2,-2.0,0,0,HOME_TEAM
502394,2024-09-14 13:30:00,3,2308,2024,VfL Wolfsburg,Eintracht Frankfurt,6,5,6,1,0.16666666666666666,1,1,0.0,-0.8,0,0,AWAY_TEAM
502396,2024-09-14 13:30:00,3,2308,2024,Borussia Mönchengladbach,VfB Stuttgart,5,10,2,7,0.25,1,0,-0.6,1.0,0,0,AWAY_TEAM
502397,2024-09-14 16:30:00,3,2308,2024,Holstein Kiel,FC Bayern München,0,9,0,6,0.0,0,2,-1.5,0.2,1,0,AWAY_TEAM
502393,2024-09-15 13:30:00,3,2308,2024,FC Augsburg,FC St. Pauli 1910,1,0,5,0,0.3333333333333333,0,0,-2.0,-1.5,0,1,HOME_TEAM
502395,2024-09-15 15:30:00,3,2308,2024,1. FSV Mainz 05,SV Werder Bremen,9,7,11,6,0.4166666666666667,0,0,1.0,0.6,0,0,AWAY_TEAM
502403,2024-09-20 18:30:00,4,2308,2024,FC Augsburg,1. FSV Mainz 05,4,8,7,7,0.3333333333333333,1,0,-0.8,0.8,0,0,AWAY_TEAM
502401,2024-09-21 13:30:00,4,2308,2024,1. FC Heidenheim 1846,SC Freiburg,10,7,10,7,0.4166666666666667,0,1,1.4,0.0,0,0,AWAY_TEAM
502402,2024-09-21 13:30:00,4,2308,2024,SV Werder Bremen,FC Bayern München,9,12,8,9,0.3333333333333333,1,3,0.8,1.6,0,0,AWAY_TEAM
502404,2024-09-21 13:30:00,4,2308,2024,1. FC Union Berlin,TSG 1899 Hoffenheim,8,9,6,3,0.5833333333333334,0,0,0.2,0.8,0,0,HOME_TEAM
502400,2024-09-21 16:30:00,4,2308,2024,Eintracht Frankfurt,Borussia Mönchengladbach,8,4,8,7,0.5,2,0,0.2,-1.0,0,0,HOME_TEAM
502398,2024-09-22 13:30:00,4,2308,2024,Bayer 04 Leverkusen,VfL Wolfsburg,12,3,10,9,0.6666666666666666,1,0,1.8,-0.8,0,0,HOME_TEAM
502399,2024-09-22 15:30:00,4,2308,2024,VfB Stuttgart,Borussia Dortmund,10,10,11,7,0.6666666666666666,1,1,1.0,1.0,0,0,HOME_TEAM
502406,2024-09-22 17:30:00,4,2308,2024,FC St. Pauli 1910,RB Leipzig,0,9,0,11,0.0,0,0,-1.6666666666666667,0.4,1,0,DRAW
502409,2024-09-27 18:30:00,5,2308,2024,Borussia Dortmund,VfL Bochum 1848,10,1,13,3,0.5833333333333334,0,0,0.8,-1.4,0,0,HOME_TEAM
502408,2024-09-28 13:30:00,5,2308,2024,RB Leipzig,FC Augsburg,9,4,11,0,0.5833333333333334,0,0,0.4,-0.8,0,0,HOME_TEAM
502411,2024-09-28 13:30:00,5,2308,2024,SC Freiburg,FC St. Pauli 1910,9,1,8,0,0.25,2,0,0.6,-1.25,0,1,AWAY_TEAM
502412,2024-09-28 13:30:00,5,2308,2024,VfL Wolfsburg,VfB Stuttgart,3,10,6,7,0.16666666666666666,0,2,-0.6,1.6,0,0,DRAW
502413,2024-09-28 13:30:00,5,2308,2024,1. FSV Mainz 05,1. FC Heidenheim 1846,8,9,8,8,0.4166666666666667,1,0,0.4,0.8,0,0,AWAY_TEAM
502414,2024-09-28 13:30:00,5,2308,2024,Borussia Mönchengladbach,1. FC Union Berlin,3,11,2,3,0.16666666666666666,0,1,-1.4,0.6,0,0,HOME_TEAM
502407,2024-09-28 16:30:00,5,2308,2024,FC Bayern München,Bayer 04 Leverkusen,12,12,12,13,0.8333333333333334,4,2,2.2,1.0,0,0,DRAW
502415,2024-09-29 13:30:00,5,2308,2024,Holstein Kiel,Eintracht Frankfurt,1,10,0,4,0.0,0,3,-2.0,0.6,1,0,AWAY_TEAM
502410,2024-09-29 15:30:00,5,2308,2024,TSG 1899 Hoffenheim,SV Werder Bremen,6,8,10,8,0.4166666666666667,0,0,-0.6,-0.2,0,0,AWAY_TEAM
502421,2024-10-04 18:30:00,6,2308,2024,FC Augsburg,Borussia Mönchengladbach,4,6,4,4,0.3333333333333333,0,1,-1.4,-0.4,0,0,HOME_TEAM
502416,2024-10-05 13:30:00,6,2308,2024,Bayer 04 Leverkusen,Holstein Kiel,10,1,10,1,0.75,0,0,0.8,-2.0,0,0,DRAW
502420,2024-10-05 13:30:00,6,2308,2024,SV Werder Bremen,SC Freiburg,8,9,8,7,0.3333333333333333,1,0,-0.6,0.2,0,0,AWAY_TEAM
502422,2024-10-05 13:30:00,6,2308,2024,1. FC Union Berlin,Borussia Dortmund,8,10,9,4,0.5833333333333334,0,1,0.2,0.4,0,0,HOME_TEAM
502423,2024-10-05 13:30:00,6,2308,2024,VfL Bochum 1848,VfL Wolfsburg,1,4,5,6,0.25,0,0,-1.2,-0.2,0,0,AWAY_TEAM
502424,2024-10-05 16:30:00,6,2308,2024,FC St. Pauli 1910,1. FSV Mainz 05,4,5,1,9,0.0,1,0,-0.4,-0.4,0,0,AWAY_TEAM
502419,2024-10-06 13:30:00,6,2308,2024,1. FC Heidenheim 1846,RB Leipzig,9,11,7,9,0.3333333333333333,1,1,0.6,1.2,0,0,AWAY_TEAM
502418,2024-10-06 15:30:00,6,2308,2024,Eintracht Frankfurt,FC Bayern München,12,13,10,9,0.5,4,0,1.0,2.6,0,0,DRAW
502417,2024-10-06 17:30:00,6,2308,2024,VfB Stuttgart,TSG 1899 Hoffenheim,8,3,13,3,0.6666666666666666,0,0,0.8,-1.2,0,0,DRAW
502427,2024-10-18 18:30:00,7,2308,2024,Borussia Dortmund,FC St. Pauli 1910,7,4,15,3,0.6666666666666666,0,0,-0.2,-0.6,0,0,HOME_TEAM
502425,2024-10-19 13:30:00,7,2308,2024,Bayer 04 Leverkusen,Eintracht Frankfurt,8,13,8,7,0.6666666666666666,0,0,0.6,1.4,0,0,HOME_TEAM
502428,2024-10-19 13:30:00,7,2308,2024,TSG 1899 Hoffenheim,VfL Bochum 1848,1,1,7,3,0.4166666666666667,0,0,-1.4,-1.4,0,0,HOME_TEAM
502429,2024-10-19 13:30:00,7,2308,2024,SC Freiburg,FC Augsburg,9,6,7,0,0.25,1,1,0.0,-1.2,0,0,HOME_TEAM
502431,2024-10-19 13:30:00,7,2308,2024,1. FSV Mainz 05,RB Leipzig,7,11,5,9,0.4166666666666667,1,2,0.2,1.2,0,0,AWAY_TEAM
502432,2024-10-19 13:30:00,7,2308,2024,Borussia Mönchengladbach,1. FC Heidenheim 1846,6,6,5,10,0.25,0,0,-0.4,0.0,0,0,HOME_TEAM
502426,2024-10-19 16:30:00,7,2308,2024,FC Bayern München,VfB Stuttgart,11,9,13,8,0.75,0,0,2.4,1.2,0,0,HOME_TEAM
502433,2024-10-20 13:30:00,7,2308,2024,Holstein Kiel,1. FC Union Berlin,2,10,0,3,0.0,0,1,-1.8,0.4,0,0,AWAY_TEAM
502430,2024-10-20 15:30:00,7,2308,2024,VfL Wolfsburg,SV Werder Bremen,7,7,4,11,0.16666666666666666,1,0,0.4,-0.8,0,0,AWAY_TEAM
502439,2024-10-25 18:30:00,8,2308,2024,1. FSV Mainz 05,Borussia Mönchengladbach,6,6,4,4,0.4166666666666667,0,1,-0.2,-0.6,0,0,DRAW
502434,2024-10-26 13:30:00,8,2308,2024,VfB Stuttgart,Holstein Kiel,8,2,11,2,0.6666666666666666,0,0,0.4,-1.8,0,0,HOME_TEAM
502435,2024-10-26 13:30:00,8,2308,2024,RB Leipzig,SC Freiburg,11,12,11,7,0.5833333333333334,3,2,1.4,0.8,0,0,HOME_TEAM
502438,2024-10-26 13:30:00,8,2308,2024,FC Augsburg,Borussia Dortmund,6,9,7,1,0.4166666666666667,0,1,-0.8,0.0,0,0,HOME_TEAM
502442,2024-10-26 13:30:00,8,2308,2024,FC St. Pauli 1910,VfL Wolfsburg,4,4,1,9,0.0,0,0,-0.6,-0.4,0,0,DRAW
502437,2024-10-26 16:30:00,8,2308,2024,SV Werder Bremen,Bayer 04 Leverkusen,9,11,5,13,0.25,1,1,-0.4,1.0,0,0,DRAW
502441,2024-10-27 14:30:00,8,2308,2024,VfL Bochum 1848,FC Bayern München,1,11,4,10,0.25,0,1,-1.4,2.8,0,0,AWAY_TEAM
502440,2024-10-27 16:30:00,8,2308,2024,1. FC Union Berlin,Eintracht Frankfurt,10,10,12,7,0.5833333333333334,2,0,0.6,0.8,0,0,DRAW
502436,2024-10-27 18:30:00,8,2308,2024,1. FC Heidenheim 1846,TSG 1899 Hoffenheim,3,4,7,4,0.25,0,1,-1.0,-0.6,0,0,DRAW
502443,2024-11-01 19:30:00,9,2308,2024,Bayer 04 Leverkusen,VfB Stuttgart,9,8,10,7,0.6666666666666666,0,1,0.4,0.2,0,0,DRAW
502444,2024-11-02 14:30:00,9,2308,2024,FC Bayern München,1. FC Union Berlin,11,10,13,5,0.75,2,0,2.8,0.6,0,0,HOME_TEAM
502446,2024-11-02 14:30:00,9,2308,2024,Eintracht Frankfurt,VfL Bochum 1848,8,1,8,0,0.4166666666666667,0,0,0.6,-2.2,0,0,HOME_TEAM
502447,2024-11-02 14:30:00,9,2308,2024,TSG 1899 Hoffenheim,FC St. Pauli 1910,5,5,9,3,0.5,0,0,0.0,-0.2,0,0,AWAY_TEAM
502449,2024-11-02 14:30:00,9,2308,2024,VfL Wolfsburg,FC Augsburg,5,6,1,0,0.16666666666666666,0,1,-0.2,-1.0,0,0,DRAW
502451,2024-11-02 14:30:00,9,2308,2024,Holstein Kiel,1. FC Heidenheim 1846,2,4,0,7,0.0,0,0,-1.0,-0.6,0,0,HOME_TEAM
502445,2024-11-02 17:30:00,9,2308,2024,Borussia Dortmund,RB Leipzig,6,13,15,11,0.75,0,4,-0.6,1.8,0,0,HOME_TEAM
502448,2024-11-03 14:30:00,9,2308,2024,SC Freiburg,1. FSV Mainz 05,9,7,10,11,0.25,0,0,0.2,0.0,0,0,DRAW
502450,2024-11-03 16:30:00,9,2308,2024,Borussia Mönchengladbach,SV Werder Bremen,7,7,7,11,0.25,0,0,-0.2,-0.6,0,0,HOME_TEAM
502458,2024-11-08 19:30:00,10,2308,2024,1. FC Union Berlin,SC Freiburg,7,7,13,6,0.5,0,0,-0.2,-0.4,0,0,DRAW
502455,2024-11-09 14:30:00,10,2308,2024,SV Werder Bremen,Holstein Kiel,7,4,5,2,0.25,0,1,-0.2,-0.8,0,0,HOME_TEAM
502457,2024-11-09 14:30:00,10,2308,2024,1. FSV Mainz 05,Borussia Dortmund,5,9,2,1,0.4166666666666667,0,1,-0.2,0.4,0,0,HOME_TEAM
502459,2024-11-09 14:30:00,10,2308,2024,VfL Bochum 1848,Bayer 04 Leverkusen,0,7,1,11,0.16666666666666666,0,0,-3.2,0.2,0,0,DRAW
502460,2024-11-09 14:30:00,10,2308,2024,FC St. Pauli 1910,FC Bayern München,7,11,2,13,0.0,1,3,0.2,2.4,0,0,AWAY_TEAM
502453,2024-11-09 17:30:00,10,2308,2024,RB Leipzig,Borussia Mönchengladbach,12,10,11,4,0.6666666666666666,0,1,1.6,0.8,0,0,DRAW
502456,2024-11-10 14:30:00,10,2308,2024,FC Augsburg,TSG 1899 Hoffenheim,7,5,10,5,0.5,0,0,-0.8,-0.2,0,0,DRAW
502452,2024-11-10 16:30:00,10,2308,2024,VfB Stuttgart,Eintracht Frankfurt,6,8,11,7,0.6666666666666666,0,1,-0.6,1.2,0,0,AWAY_TEAM
502454,2024-11-10 18:30:00,10,2308,2024,1. FC Heidenheim 1846,VfL Wolfsburg,4,6,7,7,0.25,0,0,-0.2,0.0,0,0,AWAY_TEAM
502463,2024-11-22 19:30:00,11,2308,2024,FC Bayern München,FC Augsburg,13,8,13,1,0.8333333333333334,4,0,2.6,0.0,0,0,HOME_TEAM
502461,2024-11-23 14:30:00,11,2308,2024,Bayer 04 Leverkusen,1. FC Heidenheim 1846,7,1,8,6,0.6666666666666666,0,0,0.2,-1.0,0,0,HOME_TEAM
502462,2024-11-23 14:30:00,11,2308,2024,VfB Stuttgart,VfL Bochum 1848,5,1,8,0,0.5833333333333334,0,0,-0.8,-2.8,0,0,HOME_TEAM
502464,2024-11-23 14:30:00,11,2308,2024,Borussia Dortmund,SC Freiburg,6,8,15,7,0.75,0,0,-0.4,0.2,0,0,HOME_TEAM
502466,2024-11-23 14:30:00,11,2308,2024,TSG 1899 Hoffenheim,RB Leipzig,6,10,6,10,0.5,0,0,0.0,0.8,0,0,HOME_TEAM
502467,2024-11-23 14:30:00,11,2308,2024,VfL Wolfsburg,1. FC Union Berlin,8,8,2,5,0.16666666666666666,1,0,0.4,0.0,0,0,HOME_TEAM
502465,2024-11-23 17:30:00,11,2308,2024,Eintracht Frankfurt,SV Werder Bremen,8,7,11,10,0.4166666666666667,2,1,1.0,-0.2,0,0,HOME_TEAM
502469,2024-11-24 14:30:00,11,2308,2024,Holstein Kiel,1. FSV Mainz 05,4,8,3,11,0.2,0,1,-0.6,0.6,0,0,AWAY_TEAM
502468,2024-11-24 16:30:00,11,2308,2024,Borussia Mönchengladbach,FC St. Pauli 1910,8,4,9,6,0.3333333333333333,0,0,0.6,-0.6,0,0,HOME_TEAM
502478,2024-11-29 19:30:00,12,2308,2024,FC St. Pauli 1910,Holstein Kiel,4,3,2,2,0.0,0,0,-0.4,-1.2,0,0,HOME_TEAM
502470,2024-11-30 14:30:00,12,2308,2024,RB Leipzig,VfL Wolfsburg,7,8,11,10,0.6666666666666666,0,2,0.4,0.2,0,0,AWAY_TEAM
502473,2024-11-30 14:30:00,12,2308,2024,SV Werder Bremen,VfB Stuttgart,7,7,5,5,0.25,0,1,-0.2,-0.4,0,0,DRAW
502474,2024-11-30 14:30:00,12,2308,2024,SC Freiburg,Borussia Mönchengladbach,5,11,10,5,0.25,0,1,-0.8,1.2,0,0,HOME_TEAM
502475,2024-11-30 14:30:00,12,2308,2024,FC Augsburg,VfL Bochum 1848,5,1,10,0,0.5,0,0,-0.8,-2.8,0,0,HOME_TEAM
502477,2024-11-30 14:30:00,12,2308,2024,1. FC Union Berlin,Bayer 04 Leverkusen,5,9,11,9,0.4166666666666667,0,1,-0.4,0.8,0,0,AWAY_TEAM
502471,2024-11-30 17:30:00,12,2308,2024,Borussia Dortmund,FC Bayern München,9,15,15,13,0.75,1,5,0.6,3.2,0,0,DRAW
502476,2024-12-01 14:30:00,12,2308,2024,1. FSV Mainz 05,TSG 1899 Hoffenheim,8,8,4,3,0.4166666666666667,2,1,0.6,0.2,0,0,HOME_TEAM
502472,2024-12-01 16:30:00,12,2308,2024,1. FC Heidenheim 1846,Eintracht Frankfurt,1,10,4,10,0.25,0,3,-1.4,1.2,0,0,AWAY_TEAM
502480,2024-12-06 19:30:00,13,2308,2024,VfB Stuttgart,1. FC Union Berlin,8,2,10,4,0.5833333333333334,0,0,0.4,-1.0,0,0,HOME_TEAM
502479,2024-12-07 14:30:00,13,2308,2024,Bayer 04 Leverkusen,FC St. Pauli 1910,9,7,11,6,0.6666666666666666,2,1,0.8,0.2,0,0,HOME_TEAM
502481,2024-12-07 14:30:00,13,2308,2024,FC Bayern München,1. FC Heidenheim 1846,13,1,13,3,0.8333333333333334,0,0,2.4,-2.0,0,0,HOME_TEAM
502482,2024-12-07 14:30:00,13,2308,2024,Eintracht Frankfurt,FC Augsburg,13,8,13,1,0.5,4,1,2.2,-0.2,0,0,DRAW
502486,2024-12-07 14:30:00,13,2308,2024,VfL Bochum 1848,SV Werder Bremen,1,5,2,9,0.16666666666666666,0,0,-2.6,-0.6,0,0,AWAY_TEAM
502487,2024-12-07 14:30:00,13,2308,2024,Holstein Kiel,RB Leipzig,3,4,3,7,0.16666666666666666,0,0,-1.2,-0.8,0,0,AWAY_TEAM
502485,2024-12-07 17:30:00,13,2308,2024,Borussia Mönchengladbach,Borussia Dortmund,8,7,12,1,0.4166666666666667,0,0,0.6,0.4,0,0,DRAW
502484,2024-12-08 14:30:00,13,2308,2024,VfL Wolfsburg,1. FSV Mainz 05,11,11,5,11,0.25,3,3,1.4,1.4,0,0,HOME_TEAM
502483,2024-12-08 16:30:00,13,2308,2024,TSG 1899 Hoffenheim,SC Freiburg,5,5,6,7,0.5833333333333334,0,1,-0.6,-0.8,0,0,DRAW
502491,2024-12-13 19:30:00,14,2308,2024,SC Freiburg,VfL Wolfsburg,6,13,10,10,0.3333333333333333,0,4,-0.4,1.6,0,0,HOME_TEAM
502492,2024-12-14 14:30:00,14,2308,2024,1. FSV Mainz 05,FC Bayern München,10,13,7,11,0.5,0,1,1.2,1.8,0,0,HOME_TEAM
502493,2024-12-14 14:30:00,14,2308,2024,Borussia Mönchengladbach,Holstein Kiel,8,3,13,2,0.3333333333333333,0,0,0.6,-1.4,0,0,HOME_TEAM
502496,2024-12-14 14:30:00,14,2308,2024,FC Augsburg,Bayer 04 Leverkusen,6,11,10,9,0.5,0,3,-0.4,1.0,0,0,AWAY_TEAM
502495,2024-12-14 17:30:00,14,2308,2024,FC St. Pauli 1910,SV Werder Bremen,6,7,5,9,0.16666666666666666,0,1,0.0,-0.4,0,0,AWAY_TEAM
502490,2024-12-15 14:30:00,14,2308,2024,1. FC Heidenheim 1846,VfB Stuttgart,0,8,1,6,0.25,0,1,-2.4,0.4,0,0,AWAY_TEAM
502489,2024-12-15 16:30:00,14,2308,2024,Borussia Dortmund,TSG 1899 Hoffenheim,8,5,13,3,0.75,0,0,0.6,-0.6,0,0,DRAW
502488,2024-12-15 18:30:00,14,2308,2024,RB Leipzig,Eintracht Frankfurt,4,13,8,10,0.5833333333333334,1,0,-0.8,2.2,0,0,HOME_TEAM
502499,2024-12-20 19:30:00,15,2308,2024,FC Bayern München,RB Leipzig,10,7,13,9,0.8333333333333334,0,2,1.0,-0.4,0,0,HOME_TEAM
502498,2024-12-21 14:30:00,15,2308,2024,VfB Stuttgart,FC St. Pauli 1910,10,3,10,6,0.6666666666666666,2,0,0.8,-0.8,0,0,AWAY_TEAM
502500,2024-12-21 14:30:00,15,2308,2024,Eintracht Frankfurt,1. FSV Mainz 05,10,12,11,10,0.5,0,1,1.0,1.4,0,0,AWAY_TEAM
502501,2024-12-21 14:30:00,15,2308,2024,TSG 1899 Hoffenheim,Borussia Mönchengladbach,6,8,7,2,0.5,0,1,-0.2,0.6,0,0,AWAY_TEAM
502502,2024-12-21 14:30:00,15,2308,2024,SV Werder Bremen,1. FC Union Berlin,10,1,5,3,0.25,2,0,0.6,-1.2,0,0,HOME_TEAM
502505,2024-12-21 14:30:00,15,2308,2024,Holstein Kiel,FC Augsburg,0,5,3,2,0.14285714285714285,0,0,-2.2,-0.8,0,0,HOME_TEAM
502497,2024-12-21 17:30:00,15,2308,2024,Bayer 04 Leverkusen,SC Freiburg,13,8,11,5,0.6666666666666666,4,1,1.4,-0.2,0,0,HOME_TEAM
502504,2024-12-22 14:30:00,15,2308,2024,VfL Bochum 1848,1. FC Heidenheim 1846,1,0,2,3,0.08333333333333333,0,0,-1.8,-2.6,0,0,HOME_TEAM
502503,2024-12-22 16:30:00,15,2308,2024,VfL Wolfsburg,Borussia Dortmund,12,6,8,1,0.3333333333333333,0,0,1.4,0.4,0,0,AWAY_TEAM
502507,2025-01-10 19:45:00,16,2308,2024,Borussia Dortmund,Bayer 04 Leverkusen,9,15,11,9,0.6666666666666666,1,5,1.2,2.2,0,0,AWAY_TEAM
502508,2025-01-11 14:30:00,16,2308,2024,TSG 1899 Hoffenheim,VfL Wolfsburg,5,9,7,10,0.5,0,0,-0.4,0.6,0,0,AWAY_TEAM
502509,2025-01-11 14:30:00,16,2308,2024,1. FC Heidenheim 1846,1. FC Union Berlin,0,1,1,3,0.25,0,0,-2.6,-1.2,0,0,HOME_TEAM
502510,2025-01-11 14:30:00,16,2308,2024,SC Freiburg,Holstein Kiel,7,3,10,1,0.4166666666666667,0,1,-1.0,-1.2,0,0,HOME_TEAM
502512,2025-01-11 14:30:00,16,2308,2024,1. FSV Mainz 05,VfL Bochum 1848,12,4,10,0,0.5,2,1,1.4,-0.4,0,0,HOME_TEAM
502514,2025-01-11 14:30:00,16,2308,2024,FC St. Pauli 1910,Eintracht Frankfurt,6,7,4,7,0.14285714285714285,1,0,-0.4,0.4,0,0,AWAY_TEAM
502513,2025-01-11 17:30:00,16,2308,2024,Borussia Mönchengladbach,FC Bayern München,10,10,13,8,0.4166666666666667,2,1,0.8,1.6,0,0,AWAY_TEAM
502506,2025-01-12 14:30:00,16,2308,2024,RB Leipzig,SV Werder Bremen,6,10,10,9,0.5833333333333334,0,3,-1.2,1.0,0,0,HOME_TEAM
502511,2025-01-12 16:30:00,16,2308,2024,FC Augsburg,VfB Stuttgart,4,10,10,6,0.4166666666666667,0,0,-1.6,0.8,0,0,AWAY_TEAM
502523,2025-01-14 17:30:00,17,2308,2024,Holstein Kiel,Borussia Dortmund,3,6,6,4,0.25,0,0,-0.8,0.2,0,0,HOME_TEAM
502515,2025-01-14 19:30:00,17,2308,2024,Bayer 04 Leverkusen,1. FSV Mainz 05,15,12,13,10,0.6666666666666666,6,3,1.8,1.2,0,0,HOME_TEAM
502518,2025-01-14 19:30:00,17,2308,2024,Eintracht Frankfurt,SC Freiburg,7,10,8,2,0.4166666666666667,1,1,0.4,0.0,0,0,HOME_TEAM
502520,2025-01-14 19:30:00,17,2308,2024,VfL Wolfsburg,Borussia Mönchengladbach,9,7,7,5,0.3333333333333333,1,0,0.6,0.2,0,0,HOME_TEAM
502522,2025-01-15 17:30:00,17,2308,2024,VfL Bochum 1848,FC St. Pauli 1910,3,6,4,6,0.16666666666666666,0,0,-0.8,-0.2,0,0,HOME_TEAM
502516,2025-01-15 19:30:00,17,2308,2024,VfB Stuttgart,RB Leipzig,10,9,9,6,0.5833333333333334,1,1,0.6,-0.6,0,0,HOME_TEAM
502517,2025-01-15 19:30:00,17,2308,2024,FC Bayern München,TSG 1899 Hoffenheim,10,2,15,4,0.8333333333333334,2,0,1.2,-0.8,0,0,HOME_TEAM
502519,2025-01-15 19:30:00,17,2308,2024,SV Werder Bremen,1. FC Heidenheim 1846,10,3,8,0,0.3333333333333333,0,1,0.8,-1.6,0,0,DRAW
502521,2025-01-15 19:30:00,17,2308,2024,1. FC Union Berlin,FC Augsburg,0,4,8,2,0.4166666666666667,0,0,-1.6,-1.2,0,0,AWAY_TEAM
502526,2025-01-17 19:30:00,18,2308,2024,Eintracht Frankfurt,Borussia Dortmund,7,5,10,4,0.5,2,0,0.2,-0.2,0,0,HOME_TEAM
502528,2025-01-18 14:30:00,18,2308,2024,VfB Stuttgart,SC Freiburg,12,7,9,2,0.6666666666666666,2,0,0.8,-1.0,0,0,HOME_TEAM
502530,2025-01-18 14:30:00,18,2308,2024,FC Bayern München,VfL Wolfsburg,12,9,15,10,0.8333333333333334,3,2,2.2,0.6,0,0,HOME_TEAM
502532,2025-01-18 14:30:00,18,2308,2024,1. FC Heidenheim 1846,FC St. Pauli 1910,4,3,4,6,0.3333333333333333,0,0,-0.8,-0.8,0,0,AWAY_TEAM
502525,2025-01-18 14:30:00,18,2308,2024,VfL Bochum 1848,RB Leipzig,6,9,7,3,0.25,1,0,-0.2,0.0,0,0,DRAW
502527,2025-01-18 14:30:00,18,2308,2024,Holstein Kiel,TSG 1899 Hoffenheim,6,2,9,3,0.3333333333333333,1,0,0.0,-1.4,0,0,AWAY_TEAM
502524,2025-01-18 17:30:00,18,2308,2024,Bayer 04 Leverkusen,Borussia Mönchengladbach,15,7,13,5,0.6666666666666666,7,0,1.8,-0.2,0,0,HOME_TEAM
502531,2025-01-19 14:30:00,18,2308,2024,1. FC Union Berlin,1. FSV Mainz 05,0,9,5,7,0.4166666666666667,0,0,-1.8,0.6,0,0,HOME_TEAM
502529,2025-01-19 16:30:00,18,2308,2024,SV Werder Bremen,FC Augsburg,10,4,9,5,0.3333333333333333,0,1,0.8,-1.0,0,0,AWAY_TEAM
502541,2025-01-24 19:30:00,19,2308,2024,VfL Wolfsburg,Holstein Kiel,6,6,10,0,0.4166666666666667,0,0,0.2,0.0,0,0,DRAW
502533,2025-01-25 14:30:00,19,2308,2024,RB Leipzig,Bayer 04 Leverkusen,7,15,10,11,0.5833333333333334,0,8,-0.4,2.0,0,0,DRAW
502534,2025-01-25 14:30:00,19,2308,2024,1. FSV Mainz 05,VfB Stuttgart,9,12,13,8,0.5,0,3,0.6,1.4,0,0,HOME_TEAM
502535,2025-01-25 14:30:00,19,2308,2024,SC Freiburg,FC Bayern München,6,12,13,10,0.5,0,4,-1.8,2.0,0,0,AWAY_TEAM
502537,2025-01-25 14:30:00,19,2308,2024,FC Augsburg,1. FC Heidenheim 1846,6,4,7,1,0.4166666666666667,2,0,-0.6,-0.8,0,0,HOME_TEAM
502538,2025-01-25 14:30:00,19,2308,2024,Borussia Dortmund,SV Werder Bremen,4,7,8,6,0.6666666666666666,0,0,-0.6,0.2,0,0,DRAW
502540,2025-01-25 17:30:00,19,2308,2024,Borussia Mönchengladbach,VfL Bochum 1848,6,7,10,0,0.4166666666666667,0,0,-0.6,0.0,0,0,HOME_TEAM
502536,2025-01-26 14:30:00,19,2308,2024,TSG 1899 Hoffenheim,Eintracht Frankfurt,4,9,4,10,0.4166666666666667,1,3,-1.0,0.6,0,0,DRAW
502539,2025-01-26 16:30:00,19,2308,2024,FC St. Pauli 1910,1. FC Union Berlin,6,3,4,0,0.125,1,1,-0.2,-1.4,0,0,HOME_TEAM
502548,2025-01-31 19:30:00,20,2308,2024,SV Werder Bremen,1. FSV Mainz 05,5,9,8,6,0.3333333333333333,0,1,-0.2,0.8,0,0,HOME_TEAM
502543,2025-02-01 14:30:00,20,2308,2024,1. FC Heidenheim 1846,Borussia Dortmund,4,4,3,4,0.25,0,0,-0.6,-0.6,0,0,AWAY_TEAM
502545,2025-02-01 14:30:00,20,2308,2024,VfL Bochum 1848,SC Freiburg,7,3,8,1,0.25,0,0,-0.4,-2.2,0,0,AWAY_TEAM
502546,2025-02-01 14:30:00,20,2308,2024,FC St. Pauli 1910,FC Augsburg,9,9,6,7,0.2222222222222222,2,3,0.8,0.0,0,0,DRAW
502549,2025-02-01 14:30:00,20,2308,2024,VfB Stuttgart,Borussia Mönchengladbach,9,6,12,4,0.6666666666666666,0,1,0.6,-0.6,0,0,AWAY_TEAM
502550,2025-02-01 14:30:00,20,2308,2024,FC Bayern München,Holstein Kiel,15,7,15,1,0.9166666666666666,5,0,2.4,0.6,0,0,HOME_TEAM
502542,2025-02-01 17:30:00,20,2308,2024,1. FC Union Berlin,RB Leipzig,3,5,5,4,0.4166666666666667,0,0,-1.8,-0.6,0,0,DRAW
502547,2025-02-02 14:30:00,20,2308,2024,Eintracht Frankfurt,VfL Wolfsburg,10,7,10,9,0.5833333333333334,0,0,0.8,0.4,0,0,DRAW
502544,2025-02-02 16:30:00,20,2308,2024,Bayer 04 Leverkusen,TSG 1899 Hoffenheim,13,4,15,5,0.6666666666666666,0,0,1.6,-1.0,0,0,HOME_TEAM
502555,2025-02-07 19:30:00,21,2308,2024,FC Bayern München,SV Werder Bremen,15,5,15,7,0.9166666666666666,6,1,1.8,-0.6,0,0,HOME_TEAM
502551,2025-02-08 14:30:00,21,2308,2024,VfL Wolfsburg,Bayer 04 Leverkusen,8,13,10,11,0.3333333333333333,0,1,0.8,1.2,0,0,DRAW
502552,2025-02-08 14:30:00,21,2308,2024,Borussia Dortmund,VfB Stuttgart,4,9,6,8,0.6666666666666666,1,0,-0.8,0.6,0,0,AWAY_TEAM
502554,2025-02-08 14:30:00,21,2308,2024,SC Freiburg,1. FC Heidenheim 1846,6,4,10,1,0.5,1,0,-1.2,-0.4,0,0,HOME_TEAM
502556,2025-02-08 14:30:00,21,2308,2024,1. FSV Mainz 05,FC Augsburg,6,10,15,8,0.5,0,0,0.2,0.8,0,0,DRAW
502557,2025-02-08 14:30:00,21,2308,2024,TSG 1899 Hoffenheim,1. FC Union Berlin,4,4,5,0,0.3333333333333333,0,0,-1.2,-1.2,0,0,AWAY_TEAM
502553,2025-02-08 17:30:00,21,2308,2024,Borussia Mönchengladbach,Eintracht Frankfurt,6,11,10,10,0.5,2,0,-0.6,1.2,0,0,DRAW
502558,2025-02-09 14:30:00,21,2308,2024,Holstein Kiel,VfL Bochum 1848,4,4,6,0,0.3,0,0,-0.4,-1.0,0,0,DRAW
502559,2025-02-09 16:30:00,21,2308,2024,RB Leipzig,FC St. Pauli 1910,6,7,8,6,0.5833333333333334,0,0,0.2,0.6,0,0,HOME_TEAM
502561,2025-02-14 19:30:00,22,2308,2024,FC Augsburg,RB Leipzig,11,6,7,5,0.4166666666666667,0,1,1.0,0.2,0,0,DRAW
502562,2025-02-15 14:30:00,22,2308,2024,VfL Bochum 1848,Borussia Dortmund,5,4,7,7,0.25,0,0,-0.6,-0.8,0,0,HOME_TEAM
502564,2025-02-15 14:30:00,22,2308,2024,FC St. Pauli 1910,SC Freiburg,7,6,7,4,0.2,0,2,0.4,-1.2,0,0,AWAY_TEAM
502565,2025-02-15 14:30:00,22,2308,2024,VfB Stuttgart,VfL Wolfsburg,9,6,9,7,0.5833333333333334,1,0,0.6,0.6,0,0,AWAY_TEAM
502567,2025-02-15 14:30:00,22,2308,2024,1. FC Union Berlin,Borussia Mönchengladbach,7,7,5,6,0.4166666666666667,1,0,0.0,-0.4,0,0,AWAY_TEAM
502560,2025-02-15 17:30:00,22,2308,2024,Bayer 04 Leverkusen,FC Bayern München,11,15,15,10,0.75,0,7,1.0,2.2,0,0,DRAW
502563,2025-02-16 14:30:00,22,2308,2024,SV Werder Bremen,TSG 1899 Hoffenheim,5,4,8,4,0.3333333333333333,0,0,-0.8,-1.8,0,0,AWAY_TEAM
502568,2025-02-16 16:30:00,22,2308,2024,Eintracht Frankfurt,Holstein Kiel,9,5,8,1,0.5,0,0,1.0,-0.2,0,0,HOME_TEAM
502566,2025-02-16 18:30:00,22,2308,2024,1. FC Heidenheim 1846,1. FSV Mainz 05,1,4,3,3,0.25,0,0,-1.0,-0.2,0,0,AWAY_TEAM
502573,2025-02-21 19:30:00,23,2308,2024,SC Freiburg,SV Werder Bremen,9,4,12,7,0.5833333333333334,3,0,-0.4,-1.2,0,0,HOME_TEAM
502569,2025-02-22 14:30:00,23,2308,2024,Holstein Kiel,Bayer 04 Leverkusen,2,9,7,11,0.2727272727272727,0,0,-1.0,0.8,0,0,AWAY_TEAM
502574,2025-02-22 14:30:00,23,2308,2024,Borussia Mönchengladbach,FC Augsburg,10,9,8,8,0.5,1,0,0.6,0.6,0,0,AWAY_TEAM
502576,2025-02-22 14:30:00,23,2308,2024,VfL Wolfsburg,VfL Bochum 1848,6,5,8,1,0.25,1,1,0.0,-0.4,0,0,DRAW
502577,2025-02-22 14:30:00,23,2308,2024,1. FSV Mainz 05,FC St. Pauli 1910,7,7,13,6,0.5,1,0,0.4,0.4,0,0,HOME_TEAM
502575,2025-02-22 17:30:00,23,2308,2024,Borussia Dortmund,1. FC Union Berlin,4,7,3,3,0.5833333333333334,0,0,-0.8,0.2,0,0,HOME_TEAM
502572,2025-02-23 14:30:00,23,2308,2024,RB Leipzig,1. FC Heidenheim 1846,7,0,10,1,0.5833333333333334,0,0,0.4,-1.4,0,0,DRAW
502571,2025-02-23 16:30:00,23,2308,2024,FC Bayern München,Eintracht Frankfurt,13,9,15,8,0.9166666666666666,0,1,1.2,0.8,0,0,HOME_TEAM
502570,2025-02-23 18:30:00,23,2308,2024,TSG 1899 Hoffenheim,VfB Stuttgart,7,6,2,10,0.3333333333333333,1,0,-0.4,0.2,0,0,DRAW
502579,2025-02-28 19:30:00,24,2308,2024,VfB Stuttgart,FC Bayern München,4,13,6,8,0.5,0,1,-0.6,1.8,0,0,AWAY_TEAM
502580,2025-03-01 14:30:00,24,2308,2024,FC St. Pauli 1910,Borussia Dortmund,4,7,4,6,0.18181818181818182,0,1,-0.4,0.8,0,0,AWAY_TEAM
502581,2025-03-01 14:30:00,24,2308,2024,VfL Bochum 1848,TSG 1899 Hoffenheim,5,5,10,7,0.25,0,0,-0.4,-0.8,0,0,AWAY_TEAM
502583,2025-03-01 14:30:00,24,2308,2024,SV Werder Bremen,VfL Wolfsburg,4,7,7,7,0.3333333333333333,0,0,-1.8,0.2,0,0,AWAY_TEAM
502584,2025-03-01 14:30:00,24,2308,2024,RB Leipzig,1. FSV Mainz 05,7,10,11,6,0.5,0,2,0.4,1.0,0,0,AWAY_TEAM
502585,2025-03-01 14:30:00,24,2308,2024,1. FC Heidenheim 1846,Borussia Mönchengladbach,1,10,3,9,0.25,0,0,-1.0,0.4,0,0,AWAY_TEAM
502578,2025-03-01 17:30:00,24,2308,2024,Eintracht Frankfurt,Bayer 04 Leverkusen,6,9,10,11,0.5833333333333334,0,1,-0.4,0.8,0,0,AWAY_TEAM
502586,2025-03-02 14:30:00,24,2308,2024,1. FC Union Berlin,Holstein Kiel,4,2,4,1,0.4166666666666667,0,0,-1.2,-1.0,0,0,AWAY_TEAM
502582,2025-03-02 16:30:00,24,2308,2024,FC Augsburg,SC Freiburg,9,12,7,6,0.4166666666666667,1,4,0.8,1.4,0,0,DRAW
502592,2025-03-07 19:30:00,25,2308,2024,Borussia Mönchengladbach,1. FSV Mainz 05,10,10,7,6,0.5,1,3,0.4,0.8,0,0,AWAY_TEAM
502587,2025-03-08 14:30:00,25,2308,2024,Holstein Kiel,VfB Stuttgart,4,4,7,10,0.25,1,0,-0.8,-0.6,0,0,DRAW
502590,2025-03-08 14:30:00,25,2308,2024,Bayer 04 Leverkusen,SV Werder Bremen,11,3,13,4,0.6666666666666666,2,0,1.4,-2.0,0,0,AWAY_TEAM
502591,2025-03-08 14:30:00,25,2308,2024,Borussia Dortmund,FC Augsburg,9,7,5,11,0.5833333333333334,2,0,1.2,0.6,0,0,AWAY_TEAM
502594,2025-03-08 14:30:00,25,2308,2024,FC Bayern München,VfL Bochum 1848,13,5,15,2,0.9166666666666666,2,0,2.0,0.0,0,0,AWAY_TEAM
502595,2025-03-08 14:30:00,25,2308,2024,VfL Wolfsburg,FC St. Pauli 1910,9,1,6,6,0.25,1,0,0.4,-1.4,0,0,DRAW
502588,2025-03-08 17:30:00,25,2308,2024,SC Freiburg,RB Leipzig,13,6,12,3,0.6666666666666666,0,0,1.6,0.2,0,0,DRAW
502593,2025-03-09 14:30:00,25,2308,2024,Eintracht Frankfurt,1. FC Union Berlin,5,4,10,3,0.5833333333333334,0,0,-1.0,-0.8,0,0,AWAY_TEAM
502589,2025-03-09 16:30:00,25,2308,2024,TSG 1899 Hoffenheim,1. FC Heidenheim 1846,7,1,2,2,0.25,1,0,-0.6,-1.4,0,0,DRAW
502600,2025-03-14 19:30:00,26,2308,2024,FC St. Pauli 1910,TSG 1899 Hoffenheim,1,8,4,9,0.16666666666666666,0,0,-1.4,-0.2,0,0,HOME_TEAM
502597,2025-03-15 14:30:00,26,2308,2024,1. FC Union Berlin,FC Bayern München,6,10,4,10,0.4166666666666667,1,0,-0.6,1.6,0,0,DRAW
502601,2025-03-15 14:30:00,26,2308,2024,1. FSV Mainz 05,SC Freiburg,13,11,13,7,0.5,4,0,1.4,1.4,0,0,DRAW
502602,2025-03-15 14:30:00,26,2308,2024,FC Augsburg,VfL Wolfsburg,9,9,5,10,0.4166666666666667,1,0,0.8,0.4,0,0,HOME_TEAM
502603,2025-03-15 14:30:00,26,2308,2024,SV Werder Bremen,Borussia Mönchengladbach,3,7,4,9,0.25,1,0,-1.8,-0.2,0,0,AWAY_TEAM
502598,2025-03-15 17:30:00,26,2308,2024,RB Leipzig,Borussia Dortmund,6,6,8,6,0.5,0,0,0.2,0.8,0,0,HOME_TEAM
502599,2025-03-16 15:20:00,26,2308,2024,VfL Bochum 1848,Eintracht Frankfurt,8,4,7,5,0.25,1,0,0.4,-1.2,0,0,AWAY_TEAM
502604,2025-03-16 16:30:00,26,2308,2024,1. FC Heidenheim 1846,Holstein Kiel,2,5,3,4,0.16666666666666666,0,0,-1.2,-0.6,0,0,HOME_TEAM
502596,2025-03-16 18:30:00,26,2308,2024,VfB Stuttgart,Bayer 04 Leverkusen,5,8,6,11,0.5,0,0,-0.4,0.6,0,0,AWAY_TEAM
502612,2025-03-28 19:30:00,27,2308,2024,Bayer 04 Leverkusen,VfL Bochum 1848,10,7,10,5,0.6666666666666666,1,0,0.8,0.0,0,0,HOME_TEAM
502606,2025-03-29 14:30:00,27,2308,2024,Borussia Mönchengladbach,RB Leipzig,9,6,4,4,0.5,1,1,0.2,0.2,0,0,HOME_TEAM
502607,2025-03-29 14:30:00,27,2308,2024,VfL Wolfsburg,1. FC Heidenheim 1846,8,5,7,3,0.25,0,1,0.2,-0.6,0,0,AWAY_TEAM
502608,2025-03-29 14:30:00,27,2308,2024,Holstein Kiel,SV Werder Bremen,4,3,5,4,0.25,0,0,-1.0,-1.6,0,0,AWAY_TEAM
502609,2025-03-29 14:30:00,27,2308,2024,TSG 1899 Hoffenheim,FC Augsburg,8,11,3,11,0.16666666666666666,0,2,0.4,1.0,0,0,DRAW
502613,2025-03-29 14:30:00,27,2308,2024,FC Bayern München,FC St. Pauli 1910,8,4,12,4,0.8333333333333334,0,1,1.0,-0.8,0,0,HOME_TEAM
502605,2025-03-29 17:30:00,27,2308,2024,Eintracht Frankfurt,VfB Stuttgart,6,2,7,8,0.5,1,0,-0.8,-0.8,0,0,HOME_TEAM
502611,2025-03-30 13:30:00,27,2308,2024,SC Freiburg,1. FC Union Berlin,9,4,10,6,0.6666666666666666,0,0,1.2,-1.4,0,0,AWAY_TEAM
502610,2025-03-30 15:30:00,27,2308,2024,Borussia Dortmund,1. FSV Mainz 05,6,13,4,9,0.5,0,0,0.6,1.4,0,0,HOME_TEAM
502616,2025-04-04 18:30:00,28,2308,2024,FC Augsburg,FC Bayern München,11,10,8,11,0.5,0,1,1.0,1.2,0,0,AWAY_TEAM
502614,2025-04-05 13:30:00,28,2308,2024,1. FC Heidenheim 1846,Bayer 04 Leverkusen,8,12,3,11,0.16666666666666666,2,2,0.0,1.2,0,0,AWAY_TEAM
502615,2025-04-05 13:30:00,28,2308,2024,VfL Bochum 1848,VfB Stuttgart,4,2,4,5,0.25,0,0,-0.8,-0.8,0,0,AWAY_TEAM
502617,2025-04-05 13:30:00,28,2308,2024,SC Freiburg,Borussia Dortmund,6,9,7,6,0.5833333333333334,0,1,0.8,1.4,0,0,AWAY_TEAM
502619,2025-04-05 13:30:00,28,2308,2024,RB Leipzig,TSG 1899 Hoffenheim,5,6,8,9,0.5,0,0,0.0,0.0,0,0,HOME_TEAM
502622,2025-04-05 13:30:00,28,2308,2024,1. FSV Mainz 05,Holstein Kiel,10,4,11,4,0.5,0,0,0.6,-1.2,0,0,DRAW
502618,2025-04-05 16:30:00,28,2308,2024,SV Werder Bremen,Eintracht Frankfurt,6,6,3,8,0.25,1,2,-0.6,-1.0,0,0,HOME_TEAM
502621,2025-04-06 13:30:00,28,2308,2024,FC St. Pauli 1910,Borussia Mönchengladbach,4,9,7,12,0.25,0,2,-0.8,0.2,0,0,DRAW
502620,2025-04-06 15:30:00,28,2308,2024,1. FC Union Berlin,VfL Wolfsburg,7,5,5,7,0.3333333333333333,1,0,-1.0,-0.2,0,0,HOME_TEAM
502623,2025-04-11 18:30:00,29,2308,2024,VfL Wolfsburg,RB Leipzig,4,7,4,4,0.25,0,1,-0.4,0.4,0,0,AWAY_TEAM
502627,2025-04-12 13:30:00,29,2308,2024,Borussia Mönchengladbach,SC Freiburg,10,3,7,8,0.5833333333333334,0,0,0.8,-0.8,0,0,AWAY_TEAM
502628,2025-04-12 13:30:00,29,2308,2024,VfL Bochum 1848,FC Augsburg,3,8,3,9,0.25,0,0,-1.6,0.0,0,0,AWAY_TEAM
502629,2025-04-12 13:30:00,29,2308,2024,TSG 1899 Hoffenheim,1. FSV Mainz 05,5,8,4,9,0.16666666666666666,0,0,-0.4,0.2,0,0,HOME_TEAM
502630,2025-04-12 13:30:00,29,2308,2024,Bayer 04 Leverkusen,1. FC Union Berlin,12,10,10,9,0.6666666666666666,3,2,1.0,0.4,0,0,DRAW
502631,2025-04-12 13:30:00,29,2308,2024,Holstein Kiel,FC St. Pauli 1910,5,5,2,4,0.25,0,0,-0.8,-0.4,0,0,AWAY_TEAM
502624,2025-04-12 16:30:00,29,2308,2024,FC Bayern München,Borussia Dortmund,10,9,12,9,0.9166666666666666,2,2,0.8,0.8,0,0,DRAW
502626,2025-04-13 13:30:00,29,2308,2024,VfB Stuttgart,SV Werder Bremen,4,9,3,7,0.4166666666666667,1,2,0.0,0.8,0,0,AWAY_TEAM
502625,2025-04-13 15:30:00,29,2308,2024,Eintracht Frankfurt,1. FC Heidenheim 1846,6,7,7,5,0.5,0,0,-0.6,-0.2,0,0,HOME_TEAM
502634,2025-04-19 13:30:00,30,2308,2024,1. FC Heidenheim 1846,FC Bayern München,7,8,3,11,0.16666666666666666,0,0,-0.2,0.4,0,0,AWAY_TEAM
502636,2025-04-19 13:30:00,30,2308,2024,SC Freiburg,TSG 1899 Hoffenheim,5,5,7,6,0.5,1,1,-0.6,-0.2,0,0,HOME_TEAM
502637,2025-04-19 13:30:00,30,2308,2024,1. FSV Mainz 05,VfL Wolfsburg,5,1,9,7,0.5,0,0,-0.4,-0.8,0,0,DRAW
502639,2025-04-19 13:30:00,30,2308,2024,SV Werder Bremen,VfL Bochum 1848,12,3,6,5,0.3333333333333333,3,0,1.2,-1.6,0,0,HOME_TEAM
502640,2025-04-19 13:30:00,30,2308,2024,RB Leipzig,Holstein Kiel,10,2,10,4,0.5833333333333334,2,0,0.8,-1.2,0,0,DRAW
502633,2025-04-19 16:30:00,30,2308,2024,1. FC Union Berlin,VfB Stuttgart,11,4,5,8,0.3333333333333333,0,0,0.6,0.2,0,0,DRAW
502635,2025-04-20 13:30:00,30,2308,2024,FC Augsburg,Eintracht Frankfurt,10,9,8,5,0.4166666666666667,1,1,0.2,0.6,0,0,DRAW
502638,2025-04-20 15:30:00,30,2308,2024,Borussia Dortmund,Borussia Mönchengladbach,7,7,7,13,0.5,0,0,0.4,0.0,0,0,HOME_TEAM
502632,2025-04-20 17:30:00,30,2308,2024,FC St. Pauli 1910,Bayer 04 Leverkusen,8,10,5,13,0.25,1,0,0.2,0.4,0,0,DRAW
502643,2025-04-25 18:30:00,31,2308,2024,VfB Stuttgart,1. FC Heidenheim 1846,4,6,0,5,0.4166666666666667,0,0,0.2,-1.0,0,0,AWAY_TEAM
502642,2025-04-26 13:30:00,31,2308,2024,TSG 1899 Hoffenheim,Borussia Dortmund,4,10,6,7,0.25,0,1,-0.4,0.8,0,0,AWAY_TEAM
502644,2025-04-26 13:30:00,31,2308,2024,VfL Wolfsburg,SC Freiburg,1,7,3,11,0.25,0,2,-0.8,-0.4,0,0,AWAY_TEAM
502645,2025-04-26 13:30:00,31,2308,2024,FC Bayern München,1. FSV Mainz 05,11,3,10,9,0.8333333333333334,1,0,1.4,-0.8,0,0,HOME_TEAM
502646,2025-04-26 13:30:00,31,2308,2024,Holstein Kiel,Borussia Mönchengladbach,2,7,2,10,0.25,0,0,-1.2,0.2,0,0,HOME_TEAM
502649,2025-04-26 13:30:00,31,2308,2024,Bayer 04 Leverkusen,FC Augsburg,11,8,8,11,0.6666666666666666,0,0,0.8,0.0,0,0,HOME_TEAM
502641,2025-04-26 16:30:00,31,2308,2024,Eintracht Frankfurt,RB Leipzig,10,10,9,6,0.5833333333333334,0,0,0.8,0.8,0,0,HOME_TEAM
502647,2025-04-27 13:30:00,31,2308,2024,VfL Bochum 1848,1. FC Union Berlin,0,9,3,10,0.25,0,0,-2.0,0.4,0,0,DRAW
502648,2025-04-27 15:30:00,31,2308,2024,SV Werder Bremen,FC St. Pauli 1910,12,8,6,4,0.4166666666666667,4,0,1.0,0.2,0,0,DRAW
502657,2025-05-02 18:30:00,32,2308,2024,1. FC Heidenheim 1846,VfL Bochum 1848,6,1,3,5,0.16666666666666666,1,0,-1.2,-1.6,0,0,DRAW
502651,2025-05-03 13:30:00,32,2308,2024,FC St. Pauli 1910,VfB Stuttgart,6,4,5,6,0.25,0,0,0.0,0.2,0,0,AWAY_TEAM
502652,2025-05-03 13:30:00,32,2308,2024,RB Leipzig,FC Bayern München,7,13,8,11,0.5,0,2,-0.4,2.0,0,0,DRAW
502654,2025-05-03 13:30:00,32,2308,2024,Borussia Mönchengladbach,TSG 1899 Hoffenheim,4,4,4,6,0.5,0,0,-0.4,-0.4,0,0,DRAW
502655,2025-05-03 13:30:00,32,2308,2024,1. FC Union Berlin,SV Werder Bremen,9,13,5,9,0.25,0,0,0.4,1.4,0,0,DRAW
502656,2025-05-03 16:30:00,32,2308,2024,Borussia Dortmund,VfL Wolfsburg,13,1,9,7,0.5,2,0,1.4,-0.8,0,0,HOME_TEAM
502658,2025-05-04 13:30:00,32,2308,2024,FC Augsburg,Holstein Kiel,5,5,6,5,0.4166666666666667,0,1,-0.6,-0.6,0,0,AWAY_TEAM
502650,2025-05-04 15:30:00,32,2308,2024,SC Freiburg,Bayer 04 Leverkusen,9,11,7,13,0.5833333333333334,3,1,-0.2,1.0,0,0,DRAW
502653,2025-05-04 17:30:00,32,2308,2024,1. FSV Mainz 05,Eintracht Frankfurt,2,10,7,5,0.5,0,1,-1.4,1.2,0,0,DRAW
502661,2025-05-09 18:30:00,33,2308,2024,VfL Wolfsburg,TSG 1899 Hoffenheim,1,4,2,4,0.25,0,0,-1.4,-0.4,0,0,DRAW
502659,2025-05-10 13:30:00,33,2308,2024,SV Werder Bremen,RB Leipzig,11,8,7,5,0.4166666666666667,0,0,0.8,-0.2,0,0,DRAW
502662,2025-05-10 13:30:00,33,2308,2024,1. FC Union Berlin,1. FC Heidenheim 1846,7,4,6,8,0.16666666666666666,0,0,0.2,-1.4,0,0,AWAY_TEAM
502663,2025-05-10 13:30:00,33,2308,2024,Holstein Kiel,SC Freiburg,8,10,4,11,0.3333333333333333,2,0,0.4,0.0,0,0,AWAY_TEAM
502665,2025-05-10 13:30:00,33,2308,2024,VfL Bochum 1848,1. FSV Mainz 05,2,3,1,6,0.25,0,0,-1.2,-1.0,0,0,AWAY_TEAM
502666,2025-05-10 16:30:00,33,2308,2024,FC Bayern München,Borussia Mönchengladbach,11,2,10,7,0.8333333333333334,0,0,1.8,-0.6,0,0,HOME_TEAM
502660,2025-05-11 13:30:00,33,2308,2024,Bayer 04 Leverkusen,Borussia Dortmund,9,13,8,10,0.6666666666666666,0,3,0.6,1.8,0,0,AWAY_TEAM
502667,2025-05-11 15:30:00,33,2308,2024,Eintracht Frankfurt,FC St. Pauli 1910,8,6,9,5,0.5833333333333334,0,0,1.0,0.0,0,0,DRAW
502664,2025-05-11 17:30:00,33,2308,2024,VfB Stuttgart,FC Augsburg,7,4,0,10,0.3333333333333333,1,0,0.6,-1.0,0,0,HOME_TEAM
502668,2025-05-17 13:30:00,34,2308,2024,1. FSV Mainz 05,Bayer 04 Leverkusen,5,6,7,11,0.5,1,0,-0.4,0.0,0,0,DRAW
502669,2025-05-17 13:30:00,34,2308,2024,RB Leipzig,VfB Stuttgart,6,7,8,8,0.4166666666666667,0,2,-0.6,0.6,0,0,AWAY_TEAM
502670,2025-05-17 13:30:00,34,2308,2024,TSG 1899 Hoffenheim,FC Bayern München,5,11,6,11,0.16666666666666666,0,1,0.0,1.8,0,0,AWAY_TEAM
502671,2025-05-17 13:30:00,34,2308,2024,SC Freiburg,Eintracht Frankfurt,13,9,5,5,0.5,1,0,0.8,1.4,0,0,AWAY_TEAM
502672,2025-05-17 13:30:00,34,2308,2024,1. FC Heidenheim 1846,SV Werder Bremen,7,9,4,10,0.16666666666666666,1,0,-0.6,0.4,0,0,AWAY_TEAM
502673,2025-05-17 13:30:00,34,2308,2024,Borussia Mönchengladbach,VfL Wolfsburg,1,2,4,4,0.4166666666666667,0,0,-1.0,-1.2,0,0,AWAY_TEAM
502674,2025-05-17 13:30:00,34,2308,2024,FC Augsburg,1. FC Union Berlin,4,4,5,8,0.3333333333333333,0,0,-1.4,-0.6,0,0,AWAY_TEAM
502675,2025-05-17 13:30:00,34,2308,2024,FC St. Pauli 1910,VfL Bochum 1848,6,2,5,5,0.25,0,0,0.0,-1.0,0,0,AWAY_TEAM
502676,2025-05-17 13:30:00,34,2308,2024,Borussia Dortmund,Holstein Kiel,13,7,12,8,0.5,4,0,1.6,0.2,0,0,HOME_TEAM
540406,2025-08-22 18:30:00,1,2414,2025,FC Bayern München,RB Leipzig,13,3,10,5,0.8333333333333334,2,0,2.6,-1.0,0,0,HOME_TEAM
540407,2025-08-23 13:30:00,1,2414,2025,Eintracht Frankfurt,SV Werder Bremen,9,9,10,13,0.5,1,1,1.2,0.8,0,0,HOME_TEAM
540408,2025-08-23 13:30:00,1,2414,2025,Bayer 04 Leverkusen,TSG 1899 Hoffenheim,6,2,7,2,0.6666666666666666,0,0,0.0,-1.2,0,0,AWAY_TEAM
540409,2025-08-23 13:30:00,1,2414,2025,SC Freiburg,FC Augsburg,10,1,4,7,0.5,0,0,0.2,-1.8,0,0,AWAY_TEAM
540412,2025-08-23 13:30:00,1,2414,2025,1. FC Union Berlin,VfB Stuttgart,6,10,6,10,0.16666666666666666,1,3,-0.4,1.0,0,0,HOME_TEAM
540414,2025-08-23 13:30:00,1,2414,2025,1. FC Heidenheim 1846,VfL Wolfsburg,7,5,4,4,0.16666666666666666,0,1,-0.6,-0.8,0,0,AWAY_TEAM
540413,2025-08-23 16:30:00,1,2414,2025,FC St. Pauli 1910,Borussia Dortmund,3,15,5,10,0.25,0,5,-0.6,2.2,0,0,DRAW
540410,2025-08-24 13:30:00,1,2414,2025,1. FSV Mainz 05,1. FC Köln,6,0,5,0,0.5,0,0,0.0,0.0,0,1,AWAY_TEAM
540411,2025-08-24 15:30:00,1,2414,2025,Borussia Mönchengladbach,Hamburger SV,1,0,4,0,0.3333333333333333,0,0,-1.0,0.0,0,1,DRAW
540423,2025-08-29 18:30:00,2,2414,2025,Hamburger SV,FC St. Pauli 1910,1,3,0,6,0.5,0,0,0.0,-0.6,1,0,AWAY_TEAM
540416,2025-08-30 13:30:00,2,2414,2025,RB Leipzig,1. FC Heidenheim 1846,2,7,8,10,0.4166666666666667,0,0,-2.2,-0.2,0,0,HOME_TEAM
540417,2025-08-30 13:30:00,2,2414,2025,SV Werder Bremen,Bayer 04 Leverkusen,6,5,8,9,0.3333333333333333,0,0,0.0,-0.2,0,0,DRAW
540418,2025-08-30 13:30:00,2,2414,2025,VfB Stuttgart,Borussia Mönchengladbach,9,2,3,4,0.4166666666666667,0,0,0.8,-0.8,0,0,HOME_TEAM
540421,2025-08-30 13:30:00,2,2414,2025,TSG 1899 Hoffenheim,Eintracht Frankfurt,5,11,5,8,0.16666666666666666,1,2,-0.8,1.8,0,0,AWAY_TEAM
540420,2025-08-30 16:30:00,2,2414,2025,FC Augsburg,FC Bayern München,3,13,4,11,0.25,1,3,-1.4,3.0,0,0,AWAY_TEAM
540419,2025-08-31 13:30:00,2,2414,2025,VfL Wolfsburg,1. FSV Mainz 05,7,5,2,6,0.25,2,0,-0.4,-0.2,0,0,DRAW
540415,2025-08-31 15:30:00,2,2414,2025,Borussia Dortmund,1. FC Union Berlin,13,8,12,11,0.5,0,2,2.0,-0.2,0,0,HOME_TEAM
540422,2025-08-31 17:30:00,2,2414,2025,1. FC Köln,SC Freiburg,3,7,0,11,0.5,1,0,1.0,-0.4,1,0,HOME_TEAM
540425,2025-09-12 18:30:00,3,2414,2025,Bayer 04 Leverkusen,Eintracht Frankfurt,3,11,7,8,0.5833333333333334,0,3,-0.6,1.4,0,0,HOME_TEAM
540426,2025-09-13 13:30:00,3,2414,2025,SC Freiburg,VfB Stuttgart,4,12,4,10,0.4166666666666667,0,1,-1.2,1.2,0,0,HOME_TEAM
540427,2025-09-13 13:30:00,3,2414,2025,1. FSV Mainz 05,RB Leipzig,6,5,4,4,0.4166666666666667,0,1,0.4,-1.0,0,0,AWAY_TEAM
540429,2025-09-13 13:30:00,3,2414,2025,VfL Wolfsburg,1. FC Köln,8,6,2,3,0.16666666666666666,0,2,-0.2,2.0,0,1,DRAW
540430,2025-09-13 13:30:00,3,2414,2025,1. FC Union Berlin,TSG 1899 Hoffenheim,7,5,8,5,0.25,0,0,-0.8,-1.0,0,0,AWAY_TEAM
540432,2025-09-13 13:30:00,3,2414,2025,1. FC Heidenheim 1846,Borussia Dortmund,4,13,1,11,0.16666666666666666,0,1,-0.8,2.4,0,0,AWAY_TEAM
540424,2025-09-13 16:30:00,3,2414,2025,FC Bayern München,Hamburger SV,13,1,13,1,0.8333333333333334,4,0,2.6,-1.0,0,1,HOME_TEAM
540431,2025-09-14 13:30:00,3,2414,2025,FC St. Pauli 1910,FC Augsburg,5,3,3,7,0.16666666666666666,1,0,-0.2,-1.2,0,0,HOME_TEAM
540428,2025-09-14 15:30:00,3,2414,2025,Borussia Mönchengladbach,SV Werder Bremen,2,6,5,10,0.25,0,0,-0.8,0.0,0,0,AWAY_TEAM
540438,2025-09-19 18:30:00,4,2414,2025,VfB Stuttgart,FC St. Pauli 1910,9,8,6,8,0.4166666666666667,0,2,0.6,0.2,0,0,HOME_TEAM
540437,2025-09-20 13:30:00,4,2414,2025,SV Werder Bremen,SC Freiburg,8,6,9,10,0.3333333333333333,1,1,0.8,-0.8,0,0,AWAY_TEAM
540439,2025-09-20 13:30:00,4,2414,2025,FC Augsburg,1. FSV Mainz 05,3,5,1,4,0.25,0,0,-1.0,0.2,0,0,AWAY_TEAM
540440,2025-09-20 13:30:00,4,2414,2025,TSG 1899 Hoffenheim,FC Bayern München,7,15,4,13,0.08333333333333333,1,5,-0.6,3.6,0,0,AWAY_TEAM
540441,2025-09-20 13:30:00,4,2414,2025,Hamburger SV,1. FC Heidenheim 1846,1,3,0,9,0.0,0,0,-2.3333333333333335,-1.2,1,0,HOME_TEAM
540436,2025-09-20 16:30:00,4,2414,2025,RB Leipzig,1. FC Köln,7,7,8,4,0.5,2,0,-0.8,1.3333333333333333,0,1,HOME_TEAM
540434,2025-09-21 13:30:00,4,2414,2025,Eintracht Frankfurt,1. FC Union Berlin,10,6,13,8,0.5833333333333334,0,0,1.0,-1.2,0,0,AWAY_TEAM
540433,2025-09-21 15:30:00,4,2414,2025,Bayer 04 Leverkusen,Borussia Mönchengladbach,5,1,7,1,0.5833333333333334,1,0,-0.2,-1.6,0,0,DRAW
540435,2025-09-21 17:30:00,4,2414,2025,Borussia Dortmund,VfL Wolfsburg,13,9,15,7,0.5,2,0,2.0,0.6,0,0,HOME_TEAM
540442,2025-09-26 18:30:00,5,2414,2025,FC Bayern München,SV Werder Bremen,15,7,13,10,0.8333333333333334,6,0,3.8,0.2,0,0,HOME_TEAM
540444,2025-09-27 13:30:00,5,2414,2025,1. FSV Mainz 05,Borussia Dortmund,5,13,3,11,0.3333333333333333,1,3,0.2,1.8,0,0,AWAY_TEAM
540446,2025-09-27 13:30:00,5,2414,2025,VfL Wolfsburg,RB Leipzig,8,9,3,7,0.08333333333333333,0,3,0.4,-0.4,0,0,AWAY_TEAM
540448,2025-09-27 13:30:00,5,2414,2025,FC St. Pauli 1910,Bayer 04 Leverkusen,7,6,5,7,0.25,0,0,-0.2,0.2,0,0,AWAY_TEAM
540449,2025-09-27 13:30:00,5,2414,2025,1. FC Heidenheim 1846,FC Augsburg,0,3,1,6,0.16666666666666666,0,0,-2.0,-0.8,0,0,HOME_TEAM
540445,2025-09-27 16:30:00,5,2414,2025,Borussia Mönchengladbach,Eintracht Frankfurt,2,9,2,8,0.25,0,0,-1.2,0.8,0,0,AWAY_TEAM
540443,2025-09-28 13:30:00,5,2414,2025,SC Freiburg,TSG 1899 Hoffenheim,6,6,7,8,0.4166666666666667,2,0,-0.4,-1.2,0,0,DRAW
540450,2025-09-28 15:30:00,5,2414,2025,1. FC Köln,VfB Stuttgart,7,9,3,7,1.0,0,1,0.5,0.2,1,0,AWAY_TEAM
540447,2025-09-28 17:30:00,5,2414,2025,1. FC Union Berlin,Hamburger SV,9,4,5,1,0.25,1,1,-0.4,-1.5,0,1,DRAW
540458,2025-10-03 18:30:00,6,2414,2025,TSG 1899 Hoffenheim,1. FC Köln,7,7,3,4,0.08333333333333333,0,0,-0.4,0.2,0,0,AWAY_TEAM
540451,2025-10-04 13:30:00,6,2414,2025,Bayer 04 Leverkusen,1. FC Union Berlin,8,7,7,8,0.5,1,0,0.4,-0.6,0,0,HOME_TEAM
540453,2025-10-04 13:30:00,6,2414,2025,Borussia Dortmund,RB Leipzig,13,12,15,7,0.5833333333333334,4,4,1.6,0.0,0,0,DRAW
540454,2025-10-04 13:30:00,6,2414,2025,SV Werder Bremen,FC St. Pauli 1910,4,7,6,8,0.25,0,0,-1.2,0.0,0,0,HOME_TEAM
540457,2025-10-04 13:30:00,6,2414,2025,FC Augsburg,VfL Wolfsburg,3,5,1,7,0.16666666666666666,0,0,-0.8,0.0,0,0,HOME_TEAM
540452,2025-10-04 16:30:00,6,2414,2025,Eintracht Frankfurt,FC Bayern München,9,15,10,13,0.5833333333333334,1,7,0.8,3.8,0,0,AWAY_TEAM
540455,2025-10-05 13:30:00,6,2414,2025,VfB Stuttgart,1. FC Heidenheim 1846,9,3,9,6,0.4166666666666667,2,1,0.2,-1.2,0,0,HOME_TEAM
540459,2025-10-05 15:30:00,6,2414,2025,Hamburger SV,1. FSV Mainz 05,5,4,3,7,0.5,0,0,-1.2,-0.2,0,0,HOME_TEAM
540456,2025-10-05 17:30:00,6,2414,2025,Borussia Mönchengladbach,SC Freiburg,2,7,2,12,0.16666666666666666,0,0,-1.4,0.0,0,0,DRAW
540465,2025-10-17 18:30:00,7,2414,2025,1. FC Union Berlin,Borussia Mönchengladbach,4,2,5,1,0.25,0,0,-1.2,-1.4,0,0,HOME_TEAM
540462,2025-10-18 13:30:00,7,2414,2025,1. FSV Mainz 05,Bayer 04 Leverkusen,4,11,2,7,0.25,0,2,-0.8,1.0,0,0,AWAY_TEAM
540463,2025-10-18 13:30:00,7,2414,2025,RB Leipzig,Hamburger SV,13,7,8,2,0.5,0,1,1.2,-0.4,0,0,HOME_TEAM
540464,2025-10-18 13:30:00,7,2414,2025,VfL Wolfsburg,VfB Stuttgart,2,12,3,9,0.08333333333333333,0,3,-0.8,0.6,0,0,AWAY_TEAM
540467,2025-10-18 13:30:00,7,2414,2025,1. FC Heidenheim 1846,SV Werder Bremen,3,7,4,7,0.16666666666666666,0,1,-1.0,-0.4,0,0,DRAW
540468,2025-10-18 13:30:00,7,2414,2025,1. FC Köln,FC Augsburg,7,3,3,3,0.5,1,1,0.2,-0.8,0,0,DRAW
540460,2025-10-18 16:30:00,7,2414,2025,FC Bayern München,Borussia Dortmund,15,13,15,13,0.8333333333333334,8,0,3.2,1.6,0,0,HOME_TEAM
540461,2025-10-19 13:30:00,7,2414,2025,SC Freiburg,Eintracht Frankfurt,8,6,5,10,0.3333333333333333,0,0,0.4,-0.4,0,0,DRAW
540466,2025-10-19 15:30:00,7,2414,2025,FC St. Pauli 1910,TSG 1899 Hoffenheim,6,4,4,9,0.25,0,0,-0.2,-0.8,0,0,AWAY_TEAM
540472,2025-10-24 18:30:00,8,2414,2025,SV Werder Bremen,1. FC Union Berlin,7,7,6,7,0.3333333333333333,0,1,-0.4,-0.2,0,0,HOME_TEAM
540470,2025-10-25 13:30:00,8,2414,2025,Eintracht Frankfurt,FC St. Pauli 1910,4,3,7,5,0.5,0,0,-0.8,-1.2,0,0,HOME_TEAM
540475,2025-10-25 13:30:00,8,2414,2025,FC Augsburg,RB Leipzig,4,13,3,8,0.25,0,1,-0.6,1.0,0,0,AWAY_TEAM
540476,2025-10-25 13:30:00,8,2414,2025,TSG 1899 Hoffenheim,1. FC Heidenheim 1846,7,4,0,6,0.08333333333333333,1,0,0.2,-0.6,0,0,HOME_TEAM
540477,2025-10-25 13:30:00,8,2414,2025,Hamburger SV,VfL Wolfsburg,7,1,6,6,0.6666666666666666,0,0,-0.2,-1.4,0,0,AWAY_TEAM
540474,2025-10-25 13:45:00,8,2414,2025,Borussia Mönchengladbach,FC Bayern München,2,15,2,13,0.16666666666666666,0,9,-1.6,3.2,0,0,AWAY_TEAM
540471,2025-10-25 16:30:00,8,2414,2025,Borussia Dortmund,1. FC Köln,10,5,13,7,0.5833333333333334,0,0,0.8,-0.4,0,0,HOME_TEAM
540469,2025-10-26 14:30:00,8,2414,2025,Bayer 04 Leverkusen,SC Freiburg,13,9,7,10,0.5,3,0,1.2,1.0,0,0,HOME_TEAM
540473,2025-10-26 16:30:00,8,2414,2025,VfB Stuttgart,1. FSV Mainz 05,12,3,12,7,0.5,4,0,1.0,-1.0,0,0,HOME_TEAM
540482,2025-10-31 19:30:00,9,2414,2025,FC Augsburg,Borussia Dortmund,4,10,3,10,0.25,0,1,-1.6,0.6,0,0,AWAY_TEAM
540479,2025-11-01 14:30:00,9,2414,2025,1. FSV Mainz 05,SV Werder Bremen,3,7,1,7,0.16666666666666666,0,1,-1.0,-1.0,0,0,DRAW
540480,2025-11-01 14:30:00,9,2414,2025,RB Leipzig,VfB Stuttgart,13,15,10,9,0.5,2,5,2.0,1.6,0,0,HOME_TEAM
540483,2025-11-01 14:30:00,9,2414,2025,1. FC Union Berlin,SC Freiburg,7,6,7,7,0.25,0,0,0.0,0.2,0,0,DRAW
540484,2025-11-01 14:30:00,9,2414,2025,FC St. Pauli 1910,Borussia Mönchengladbach,0,2,4,1,0.16666666666666666,0,0,-1.8,-1.4,0,0,AWAY_TEAM
540485,2025-11-01 14:30:00,9,2414,2025,1. FC Heidenheim 1846,Eintracht Frankfurt,4,7,4,10,0.16666666666666666,0,1,-0.6,0.0,0,0,DRAW
540478,2025-11-01 17:30:00,9,2414,2025,FC Bayern München,Bayer 04 Leverkusen,15,13,15,9,0.8333333333333334,10,4,2.8,1.2,0,0,HOME_TEAM
540486,2025-11-02 14:30:00,9,2414,2025,1. FC Köln,Hamburger SV,4,7,4,2,0.3333333333333333,0,0,-0.6,0.6,0,0,HOME_TEAM
540481,2025-11-02 16:30:00,9,2414,2025,VfL Wolfsburg,TSG 1899 Hoffenheim,3,7,3,11,0.0,1,2,-1.2,0.2,0,0,AWAY_TEAM
540490,2025-11-07 19:30:00,10,2414,2025,SV Werder Bremen,VfL Wolfsburg,8,3,8,9,0.4166666666666667,0,0,-0.4,-1.2,0,0,HOME_TEAM
540487,2025-11-08 14:30:00,10,2414,2025,Bayer 04 Leverkusen,1. FC Heidenheim 1846,12,5,10,3,0.5,0,0,0.6,-0.4,0,0,HOME_TEAM
540493,2025-11-08 14:30:00,10,2414,2025,1. FC Union Berlin,FC Bayern München,5,15,8,15,0.25,0,11,-0.2,2.8,0,0,DRAW
540494,2025-11-08 14:30:00,10,2414,2025,TSG 1899 Hoffenheim,RB Leipzig,10,13,3,10,0.16666666666666666,3,3,1.0,2.0,0,0,HOME_TEAM
540495,2025-11-08 14:30:00,10,2414,2025,Hamburger SV,Borussia Dortmund,4,10,6,10,0.5,0,2,-0.2,0.6,0,0,DRAW
540492,2025-11-08 17:30:00,10,2414,2025,Borussia Mönchengladbach,1. FC Köln,4,7,2,7,0.08333333333333333,1,1,-0.6,0.4,0,0,HOME_TEAM
540489,2025-11-09 14:30:00,10,2414,2025,SC Freiburg,FC St. Pauli 1910,4,0,5,4,0.3333333333333333,0,0,-0.4,-2.2,0,0,HOME_TEAM
540491,2025-11-09 16:30:00,10,2414,2025,VfB Stuttgart,FC Augsburg,12,4,15,4,0.5,0,0,0.8,-1.2,0,0,HOME_TEAM
540488,2025-11-09 18:30:00,10,2414,2025,Eintracht Frankfurt,1. FSV Mainz 05,8,1,7,7,0.5,0,0,0.2,-1.6,0,0,HOME_TEAM
540498,2025-11-21 19:30:00,11,2414,2025,1. FSV Mainz 05,TSG 1899 Hoffenheim,1,12,1,13,0.08333333333333333,0,4,-1.4,1.4,0,0,DRAW
540496,2025-11-22 14:30:00,11,2414,2025,FC Bayern München,SC Freiburg,13,6,15,5,0.8333333333333334,0,1,2.0,-0.2,0,0,HOME_TEAM
540497,2025-11-22 14:30:00,11,2414,2025,Borussia Dortmund,VfB Stuttgart,8,12,13,6,0.6666666666666666,0,1,0.2,0.8,0,0,DRAW
540500,2025-11-22 14:30:00,11,2414,2025,VfL Wolfsburg,Bayer 04 Leverkusen,3,12,2,8,0.0,0,1,-1.2,1.6,0,0,AWAY_TEAM
540501,2025-11-22 14:30:00,11,2414,2025,FC Augsburg,Hamburger SV,4,4,3,2,0.16666666666666666,0,0,-1.2,-0.2,0,0,HOME_TEAM
540503,2025-11-22 14:30:00,11,2414,2025,1. FC Heidenheim 1846,Borussia Mönchengladbach,2,7,5,4,0.16666666666666666,0,2,-1.8,0.2,0,0,AWAY_TEAM
540504,2025-11-22 17:30:00,11,2414,2025,1. FC Köln,Eintracht Frankfurt,7,8,7,8,0.5,0,1,0.2,0.0,0,0,AWAY_TEAM
540499,2025-11-23 14:30:00,11,2414,2025,RB Leipzig,SV Werder Bremen,10,11,12,5,0.5833333333333334,0,1,1.4,0.6,0,0,HOME_TEAM
540502,2025-11-23 16:30:00,11,2414,2025,FC St. Pauli 1910,1. FC Union Berlin,0,5,4,6,0.16666666666666666,0,0,-2.2,-0.2,0,0,AWAY_TEAM
540510,2025-11-28 19:30:00,12,2414,2025,Borussia Mönchengladbach,RB Leipzig,9,12,4,10,0.16666666666666666,3,1,0.8,1.8,0,0,DRAW
540505,2025-11-29 14:30:00,12,2414,2025,FC Bayern München,FC St. Pauli 1910,13,0,15,3,0.8333333333333334,1,0,2.2,-2.2,0,0,HOME_TEAM
540509,2025-11-29 14:30:00,12,2414,2025,SV Werder Bremen,1. FC Köln,8,4,10,4,0.4166666666666667,0,0,0.0,-0.2,0,0,DRAW
540511,2025-11-29 14:30:00,12,2414,2025,1. FC Union Berlin,1. FC Heidenheim 1846,8,2,6,0,0.25,1,0,0.4,-2.2,0,0,AWAY_TEAM
540512,2025-11-29 14:30:00,12,2414,2025,TSG 1899 Hoffenheim,FC Augsburg,13,4,6,4,0.25,0,1,1.6,-1.4,0,0,HOME_TEAM
540506,2025-11-29 17:30:00,12,2414,2025,Bayer 04 Leverkusen,Borussia Dortmund,12,8,13,10,0.5,2,0,1.6,0.2,0,0,AWAY_TEAM
540513,2025-11-30 14:30:00,12,2414,2025,Hamburger SV,VfB Stuttgart,1,10,7,7,0.4,0,0,-1.2,0.6,0,0,HOME_TEAM
540507,2025-11-30 16:30:00,12,2414,2025,Eintracht Frankfurt,VfL Wolfsburg,11,3,9,6,0.5833333333333334,2,0,0.8,-1.2,0,0,DRAW
540508,2025-11-30 18:30:00,12,2414,2025,SC Freiburg,1. FSV Mainz 05,5,2,8,4,0.3333333333333333,0,0,-1.0,-0.6,0,0,HOME_TEAM
540515,2025-12-05 19:30:00,13,2414,2025,1. FSV Mainz 05,Borussia Mönchengladbach,2,10,2,7,0.08333333333333333,0,0,-1.2,1.2,0,0,AWAY_TEAM
540517,2025-12-06 14:30:00,13,2414,2025,VfB Stuttgart,FC Bayern München,7,13,15,13,0.5,0,2,-0.2,2.4,0,0,AWAY_TEAM
540518,2025-12-06 14:30:00,13,2414,2025,VfL Wolfsburg,1. FC Union Berlin,4,5,1,6,0.0,0,0,-0.6,-0.2,0,0,HOME_TEAM
540519,2025-12-06 14:30:00,13,2414,2025,1. FC Heidenheim 1846,SC Freiburg,4,7,5,5,0.16666666666666666,1,1,-2.0,-0.2,0,0,HOME_TEAM
540520,2025-12-06 14:30:00,13,2414,2025,1. FC Köln,FC St. Pauli 1910,4,0,7,0,0.4,0,0,-0.2,-2.0,0,0,DRAW
540522,2025-12-06 14:30:00,13,2414,2025,FC Augsburg,Bayer 04 Leverkusen,3,9,6,10,0.25,0,0,-2.0,1.2,0,0,HOME_TEAM
540516,2025-12-06 17:30:00,13,2414,2025,RB Leipzig,Eintracht Frankfurt,10,11,15,8,0.5833333333333334,0,0,1.6,0.8,0,0,HOME_TEAM
540521,2025-12-07 14:30:00,13,2414,2025,Hamburger SV,SV Werder Bremen,4,8,10,5,0.5,1,0,-0.8,0.0,0,0,HOME_TEAM
540514,2025-12-07 16:30:00,13,2414,2025,Borussia Dortmund,TSG 1899 Hoffenheim,11,13,11,11,0.6666666666666666,1,1,0.6,1.6,0,0,HOME_TEAM
540529,2025-12-12 19:30:00,14,2414,2025,1. FC Union Berlin,RB Leipzig,5,10,6,8,0.25,0,1,-0.4,1.6,0,0,HOME_TEAM
540525,2025-12-13 14:30:00,14,2414,2025,Eintracht Frankfurt,FC Augsburg,8,6,7,1,0.5,0,1,-0.8,-0.4,0,0,HOME_TEAM
540528,2025-12-13 14:30:00,14,2414,2025,Borussia Mönchengladbach,VfL Wolfsburg,13,4,5,4,0.16666666666666666,1,1,2.0,-0.4,0,0,AWAY_TEAM
540530,2025-12-13 14:30:00,14,2414,2025,FC St. Pauli 1910,1. FC Heidenheim 1846,1,7,3,3,0.16666666666666666,0,2,-1.6,-1.4,0,0,HOME_TEAM
540531,2025-12-13 14:30:00,14,2414,2025,TSG 1899 Hoffenheim,Hamburger SV,10,7,9,1,0.3333333333333333,0,2,0.8,-0.4,0,0,HOME_TEAM
540524,2025-12-13 17:30:00,14,2414,2025,Bayer 04 Leverkusen,1. FC Köln,6,5,10,4,0.5,0,0,0.4,0.0,0,0,HOME_TEAM
540526,2025-12-14 14:30:00,14,2414,2025,SC Freiburg,Borussia Dortmund,7,11,11,10,0.3333333333333333,0,2,0.0,0.8,0,0,DRAW
540523,2025-12-14 16:30:00,14,2414,2025,FC Bayern München,1. FSV Mainz 05,13,2,15,3,0.8333333333333334,3,0,2.8,-1.2,0,0,DRAW
540527,2025-12-14 18:30:00,14,2414,2025,SV Werder Bremen,VfB Stuttgart,5,4,10,7,0.4166666666666667,0,0,-0.4,-1.4,0,0,AWAY_TEAM
540532,2025-12-19 19:30:00,15,2414,2025,Borussia Dortmund,Borussia Mönchengladbach,9,10,11,10,0.75,0,0,0.6,0.8,0,0,HOME_TEAM
540535,2025-12-20 14:30:00,15,2414,2025,VfB Stuttgart,TSG 1899 Hoffenheim,7,10,12,8,0.5,1,1,-0.2,1.2,0,0,DRAW
540536,2025-12-20 14:30:00,15,2414,2025,VfL Wolfsburg,SC Freiburg,7,7,3,2,0.08333333333333333,2,0,0.2,0.0,0,0,AWAY_TEAM
540537,2025-12-20 14:30:00,15,2414,2025,FC Augsburg,SV Werder Bremen,6,4,9,2,0.3333333333333333,0,0,-0.4,-1.2,0,0,DRAW
540539,2025-12-20 14:30:00,15,2414,2025,1. FC Köln,1. FC Union Berlin,2,7,5,6,0.3333333333333333,0,1,-1.0,0.0,0,0,AWAY_TEAM
540540,2025-12-20 14:30:00,15,2414,2025,Hamburger SV,Eintracht Frankfurt,7,10,10,8,0.5714285714285714,0,1,-0.4,-0.6,0,0,DRAW
540534,2025-12-20 17:30:00,15,2414,2025,RB Leipzig,Bayer 04 Leverkusen,7,9,15,9,0.6666666666666666,0,1,0.8,1.4,0,0,AWAY_TEAM
540533,2025-12-21 14:30:00,15,2414,2025,1. FSV Mainz 05,FC St. Pauli 1910,2,4,2,1,0.0,0,1,-1.2,-0.6,0,0,DRAW
540538,2025-12-21 16:30:00,15,2414,2025,1. FC Heidenheim 1846,FC Bayern München,6,11,8,13,0.25,0,0,-1.6,2.2,0,0,AWAY_TEAM
540543,2026-01-09 19:30:00,16,2414,2025,Eintracht Frankfurt,Borussia Dortmund,8,11,10,8,0.5833333333333334,0,1,-0.8,1.0,0,0,DRAW
540544,2026-01-10 14:30:00,16,2414,2025,SC Freiburg,Hamburger SV,7,7,9,1,0.3333333333333333,1,0,0.0,-0.4,0,0,HOME_TEAM
540547,2026-01-10 14:30:00,16,2414,2025,1. FC Union Berlin,1. FSV Mainz 05,9,3,8,1,0.3333333333333333,2,0,0.2,-1.0,0,0,DRAW
540549,2026-01-10 14:30:00,16,2414,2025,1. FC Heidenheim 1846,1. FC Köln,6,2,5,4,0.16666666666666666,0,0,-1.2,-0.8,0,0,DRAW
540542,2026-01-10 17:30:00,16,2414,2025,Bayer 04 Leverkusen,VfB Stuttgart,9,5,12,7,0.5833333333333334,2,0,0.6,-0.4,0,0,AWAY_TEAM
540546,2026-01-11 14:30:00,16,2414,2025,Borussia Mönchengladbach,FC Augsburg,7,7,5,1,0.16666666666666666,0,0,0.0,-0.2,0,0,HOME_TEAM
540541,2026-01-11 16:30:00,16,2414,2025,FC Bayern München,VfL Wolfsburg,13,7,13,7,0.8333333333333334,1,0,3.0,0.2,0,0,HOME_TEAM
540553,2026-01-13 17:30:00,17,2414,2025,VfB Stuttgart,Eintracht Frankfurt,7,6,10,6,0.5,1,0,0.2,-1.0,0,0,HOME_TEAM
540550,2026-01-13 19:30:00,17,2414,2025,Borussia Dortmund,SV Werder Bremen,11,2,11,3,0.75,0,0,1.0,-1.4,0,0,HOME_TEAM
540551,2026-01-13 19:30:00,17,2414,2025,1. FSV Mainz 05,1. FC Heidenheim 1846,3,7,3,3,0.0,0,0,-1.0,-0.6,0,0,HOME_TEAM
540554,2026-01-14 17:30:00,17,2414,2025,VfL Wolfsburg,FC St. Pauli 1910,7,5,3,2,0.08333333333333333,0,0,-0.8,-0.4,0,0,HOME_TEAM
540552,2026-01-14 19:30:00,17,2414,2025,RB Leipzig,SC Freiburg,7,10,12,4,0.6666666666666666,0,2,0.8,1.0,0,0,HOME_TEAM
540556,2026-01-14 19:30:00,17,2414,2025,TSG 1899 Hoffenheim,Borussia Mönchengladbach,8,7,12,9,0.4166666666666667,0,1,0.8,0.2,0,0,HOME_TEAM
540557,2026-01-14 19:30:00,17,2414,2025,1. FC Köln,FC Bayern München,3,13,5,13,0.2857142857142857,0,2,-0.6,3.6,0,0,AWAY_TEAM
540555,2026-01-15 19:30:00,17,2414,2025,FC Augsburg,1. FC Union Berlin,4,7,7,6,0.25,0,0,-1.2,0.0,0,0,DRAW
540560,2026-01-16 19:30:00,18,2414,2025,SV Werder Bremen,Eintracht Frankfurt,2,5,10,5,0.4166666666666667,0,0,-1.6,-1.2,0,0,DRAW
540561,2026-01-17 14:30:00,18,2414,2025,TSG 1899 Hoffenheim,Bayer 04 Leverkusen,10,6,15,9,0.5,1,0,1.6,-0.4,0,0,HOME_TEAM
540563,2026-01-17 14:30:00,18,2414,2025,1. FC Köln,1. FSV Mainz 05,2,6,4,2,0.25,0,1,-1.0,0.0,0,0,HOME_TEAM
540564,2026-01-17 14:30:00,18,2414,2025,Hamburger SV,Borussia Mönchengladbach,7,6,8,9,0.5,0,0,-0.4,-0.6,0,0,DRAW
540566,2026-01-17 14:30:00,18,2414,2025,Borussia Dortmund,FC St. Pauli 1910,11,5,13,2,0.8333333333333334,1,0,1.4,-0.4,0,0,HOME_TEAM
540567,2026-01-17 14:30:00,18,2414,2025,VfL Wolfsburg,1. FC Heidenheim 1846,9,4,6,3,0.16666666666666666,1,0,-0.6,-1.0,0,0,DRAW
540559,2026-01-17 17:30:00,18,2414,2025,RB Leipzig,FC Bayern München,7,13,12,13,0.6666666666666666,1,3,0.8,3.6,0,0,AWAY_TEAM
540565,2026-01-18 14:30:00,18,2414,2025,VfB Stuttgart,1. FC Union Berlin,10,8,10,7,0.5833333333333334,2,0,0.6,0.2,0,0,DRAW
540562,2026-01-18 16:30:00,18,2414,2025,FC Augsburg,SC Freiburg,5,7,8,4,0.25,0,0,-0.6,-0.2,0,0,DRAW
540576,2026-01-23 19:30:00,19,2414,2025,FC St. Pauli 1910,Hamburger SV,5,5,3,0,0.25,0,0,-0.2,-0.6,0,0,DRAW
540569,2026-01-24 14:30:00,19,2414,2025,1. FC Heidenheim 1846,RB Leipzig,2,6,5,5,0.16666666666666666,0,0,-1.2,0.0,0,0,AWAY_TEAM
540570,2026-01-24 14:30:00,19,2414,2025,Bayer 04 Leverkusen,SV Werder Bremen,6,2,9,2,0.5,0,0,-0.4,-1.6,0,0,HOME_TEAM
540572,2026-01-24 14:30:00,19,2414,2025,1. FSV Mainz 05,VfL Wolfsburg,6,7,6,7,0.08333333333333333,0,0,0.0,-1.0,0,0,HOME_TEAM
540573,2026-01-24 14:30:00,19,2414,2025,FC Bayern München,FC Augsburg,13,3,13,1,0.8333333333333334,4,0,3.4,-1.0,0,0,AWAY_TEAM
540574,2026-01-24 14:30:00,19,2414,2025,Eintracht Frankfurt,TSG 1899 Hoffenheim,6,10,11,8,0.5833333333333334,0,2,0.0,1.2,0,0,AWAY_TEAM
540568,2026-01-24 17:30:00,19,2414,2025,1. FC Union Berlin,Borussia Dortmund,9,11,6,9,0.25,0,2,0.6,1.2,0,0,AWAY_TEAM
540571,2026-01-25 14:30:00,19,2414,2025,Borussia Mönchengladbach,VfB Stuttgart,4,11,7,7,0.16666666666666666,0,0,-0.8,1.6,0,0,AWAY_TEAM
540575,2026-01-25 16:30:00,19,2414,2025,SC Freiburg,1. FC Köln,8,4,11,2,0.4166666666666667,0,1,0.0,-0.8,0,0,HOME_TEAM
540545,2026-01-27 19:30:00,16,2414,2025,SV Werder Bremen,TSG 1899 Hoffenheim,2,13,8,8,0.4166666666666667,0,3,-1.6,2.0,0,0,AWAY_TEAM
540548,2026-01-27 19:30:00,16,2414,2025,FC St. Pauli 1910,RB Leipzig,5,6,4,7,0.16666666666666666,0,1,-0.2,-0.6,0,0,DRAW
540582,2026-01-30 19:30:00,20,2414,2025,1. FC Köln,VfL Wolfsburg,4,4,4,4,0.3333333333333333,0,0,-0.6,-1.8,0,0,HOME_TEAM
540578,2026-01-31 14:30:00,20,2414,2025,Eintracht Frankfurt,Bayer 04 Leverkusen,3,9,8,6,0.5,0,1,-0.6,0.2,0,0,AWAY_TEAM
540580,2026-01-31 14:30:00,20,2414,2025,RB Leipzig,1. FSV Mainz 05,7,8,9,2,0.5833333333333334,0,1,-0.2,0.4,0,0,AWAY_TEAM
540581,2026-01-31 14:30:00,20,2414,2025,SV Werder Bremen,Borussia Mönchengladbach,2,4,5,7,0.3333333333333333,0,0,-1.2,-1.0,0,0,DRAW
540583,2026-01-31 14:30:00,20,2414,2025,TSG 1899 Hoffenheim,1. FC Union Berlin,13,6,15,8,0.5833333333333334,4,0,1.8,-0.4,0,0,HOME_TEAM
540584,2026-01-31 14:30:00,20,2414,2025,FC Augsburg,FC St. Pauli 1910,6,3,9,2,0.25,1,0,-0.6,-0.4,0,0,HOME_TEAM
540577,2026-01-31 17:30:00,20,2414,2025,Hamburger SV,FC Bayern München,3,12,9,13,0.4444444444444444,0,0,-0.8,3.2,0,0,DRAW
540579,2026-02-01 14:30:00,20,2414,2025,VfB Stuttgart,SC Freiburg,11,10,8,4,0.5833333333333334,1,1,1.4,0.2,0,0,HOME_TEAM
540585,2026-02-01 16:30:00,20,2414,2025,Borussia Dortmund,1. FC Heidenheim 1846,13,2,13,4,0.8333333333333334,3,0,1.8,-1.6,0,0,HOME_TEAM
540587,2026-02-06 19:30:00,21,2414,2025,1. FC Union Berlin,Eintracht Frankfurt,3,2,5,5,0.25,0,0,-1.0,-1.0,0,0,DRAW
540588,2026-02-07 14:30:00,21,2414,2025,VfL Wolfsburg,Borussia Dortmund,4,13,7,9,0.16666666666666666,0,4,-1.8,1.6,0,0,AWAY_TEAM
540590,2026-02-07 14:30:00,21,2414,2025,SC Freiburg,SV Werder Bremen,7,2,13,1,0.5,0,0,-0.2,-1.2,0,0,HOME_TEAM
540591,2026-02-07 14:30:00,21,2414,2025,FC St. Pauli 1910,VfB Stuttgart,2,13,5,10,0.16666666666666666,0,2,-0.6,1.6,0,0,HOME_TEAM
540592,2026-02-07 14:30:00,21,2414,2025,1. FSV Mainz 05,FC Augsburg,10,8,8,3,0.16666666666666666,2,2,0.6,-0.4,0,0,HOME_TEAM
540594,2026-02-07 14:30:00,21,2414,2025,1. FC Heidenheim 1846,Hamburger SV,2,4,4,1,0.16666666666666666,0,0,-1.0,-0.2,0,0,AWAY_TEAM
540586,2026-02-07 17:30:00,21,2414,2025,Borussia Mönchengladbach,Bayer 04 Leverkusen,5,9,7,9,0.16666666666666666,0,2,-0.6,0.2,0,0,DRAW
540589,2026-02-08 14:30:00,21,2414,2025,1. FC Köln,RB Leipzig,7,7,7,5,0.4,1,0,-0.2,0.0,0,0,AWAY_TEAM
540593,2026-02-08 16:30:00,21,2414,2025,FC Bayern München,TSG 1899 Hoffenheim,10,15,10,8,0.8333333333333334,0,5,2.4,2.2,0,0,HOME_TEAM
540597,2026-02-13 19:30:00,22,2414,2025,Borussia Dortmund,1. FSV Mainz 05,15,12,15,5,0.8333333333333334,5,3,1.8,1.0,0,0,HOME_TEAM
540595,2026-02-14 14:30:00,22,2414,2025,SV Werder Bremen,FC Bayern München,2,10,3,13,0.25,0,1,-0.8,1.8,0,0,AWAY_TEAM
540596,2026-02-14 14:30:00,22,2414,2025,TSG 1899 Hoffenheim,SC Freiburg,12,7,15,4,0.5833333333333334,0,1,0.6,-0.2,0,0,HOME_TEAM
540598,2026-02-14 14:30:00,22,2414,2025,Eintracht Frankfurt,Borussia Mönchengladbach,2,3,5,5,0.4166666666666667,0,0,-1.0,-1.4,0,0,HOME_TEAM
540600,2026-02-14 14:30:00,22,2414,2025,Hamburger SV,1. FC Union Berlin,6,3,9,5,0.4,1,0,0.2,-1.0,0,0,HOME_TEAM
540601,2026-02-14 14:30:00,22,2414,2025,Bayer 04 Leverkusen,FC St. Pauli 1910,7,5,9,2,0.5833333333333334,0,1,-0.2,-0.2,0,0,HOME_TEAM
540603,2026-02-14 17:30:00,22,2414,2025,VfB Stuttgart,1. FC Köln,10,6,8,2,0.6666666666666666,0,0,0.8,-0.4,0,0,HOME_TEAM
540602,2026-02-15 14:30:00,22,2414,2025,FC Augsburg,1. FC Heidenheim 1846,8,1,9,4,0.3333333333333333,0,0,0.0,-1.4,0,0,HOME_TEAM
540599,2026-02-15 16:30:00,22,2414,2025,RB Leipzig,VfL Wolfsburg,7,4,6,4,0.5833333333333334,1,0,-0.2,-0.6,0,0,DRAW
540612,2026-02-20 19:30:00,23,2414,2025,1. FSV Mainz 05,Hamburger SV,9,9,10,4,0.25,0,2,0.0,0.6,0,0,DRAW
540604,2026-02-21 14:30:00,23,2414,2025,1. FC Union Berlin,Bayer 04 Leverkusen,2,10,5,7,0.25,0,1,-1.2,1.2,0,0,HOME_TEAM
540605,2026-02-21 14:30:00,23,2414,2025,FC Bayern München,Eintracht Frankfurt,10,5,10,3,0.8333333333333334,2,1,2.0,-0.2,0,0,HOME_TEAM
540610,2026-02-21 14:30:00,23,2414,2025,VfL Wolfsburg,FC Augsburg,2,10,7,3,0.16666666666666666,0,1,-0.8,0.2,0,0,AWAY_TEAM
540611,2026-02-21 14:30:00,23,2414,2025,1. FC Köln,TSG 1899 Hoffenheim,6,12,6,7,0.36363636363636365,0,1,-0.4,1.0,0,0,DRAW
540606,2026-02-21 17:30:00,23,2414,2025,RB Leipzig,Borussia Dortmund,8,15,4,11,0.5833333333333334,0,6,0.6,2.0,0,0,DRAW
540609,2026-02-22 14:30:00,23,2414,2025,SC Freiburg,Borussia Mönchengladbach,7,3,13,2,0.5,0,0,-0.4,-1.2,0,0,HOME_TEAM
540607,2026-02-22 16:30:00,23,2414,2025,FC St. Pauli 1910,SV Werder Bremen,5,1,8,1,0.25,0,0,-0.8,-1.4,0,0,HOME_TEAM
540608,2026-02-22 18:30:00,23,2414,2025,1. FC Heidenheim 1846,VfB Stuttgart,1,10,4,9,0.16666666666666666,0,1,-1.4,1.0,0,0,DRAW
540621,2026-02-27 19:30:00,24,2414,2025,FC Augsburg,1. FC Köln,12,4,9,2,0.4166666666666667,2,0,0.4,-0.6,0,0,HOME_TEAM
540615,2026-02-28 14:30:00,24,2414,2025,Bayer 04 Leverkusen,1. FSV Mainz 05,10,10,9,5,0.5833333333333334,0,0,1.2,0.2,0,0,DRAW
540618,2026-02-28 14:30:00,24,2414,2025,Borussia Mönchengladbach,1. FC Union Berlin,2,4,5,5,0.16666666666666666,0,1,-1.4,-1.0,0,0,HOME_TEAM
540619,2026-02-28 14:30:00,24,2414,2025,TSG 1899 Hoffenheim,FC St. Pauli 1910,10,7,15,1,0.6666666666666666,0,1,0.6,-0.6,0,0,AWAY_TEAM
540620,2026-02-28 14:30:00,24,2414,2025,SV Werder Bremen,1. FC Heidenheim 1846,1,1,2,1,0.25,0,0,-1.4,-1.4,0,0,HOME_TEAM
540613,2026-02-28 17:30:00,24,2414,2025,Borussia Dortmund,FC Bayern München,13,10,15,13,0.8333333333333334,0,3,1.8,1.4,0,0,AWAY_TEAM
540617,2026-03-01 14:30:00,24,2414,2025,VfB Stuttgart,VfL Wolfsburg,10,1,11,4,0.75,0,0,1.0,-1.0,0,0,HOME_TEAM
540614,2026-03-01 16:30:00,24,2414,2025,Eintracht Frankfurt,SC Freiburg,4,9,7,4,0.4166666666666667,0,1,-0.4,-0.2,0,0,HOME_TEAM
540616,2026-03-01 18:30:00,24,2414,2025,Hamburger SV,RB Leipzig,9,6,9,8,0.45454545454545453,0,0,0.6,0.0,0,0,AWAY_TEAM
540558,2026-03-04 19:30:00,17,2414,2025,Hamburger SV,Bayer 04 Leverkusen,8,8,6,7,0.4166666666666667,0,0,0.4,1.0,0,0,AWAY_TEAM
540627,2026-03-06 19:30:00,25,2414,2025,FC Bayern München,Borussia Mönchengladbach,13,5,10,2,0.8333333333333334,4,1,1.8,-0.6,0,0,HOME_TEAM
540622,2026-03-07 14:30:00,25,2414,2025,SC Freiburg,Bayer 04 Leverkusen,6,8,13,7,0.5833333333333334,0,1,-0.8,0.8,0,0,DRAW
540626,2026-03-07 14:30:00,25,2414,2025,1. FSV Mainz 05,VfB Stuttgart,8,10,11,10,0.25,0,1,-0.2,1.2,0,0,DRAW
540628,2026-03-07 14:30:00,25,2414,2025,RB Leipzig,FC Augsburg,8,12,5,6,0.5833333333333334,1,3,0.2,0.6,0,0,HOME_TEAM
540629,2026-03-07 14:30:00,25,2414,2025,1. FC Heidenheim 1846,TSG 1899 Hoffenheim,1,7,2,8,0.16666666666666666,0,0,-1.2,0.0,0,0,AWAY_TEAM
540630,2026-03-07 14:30:00,25,2414,2025,VfL Wolfsburg,Hamburger SV,1,7,4,5,0.16666666666666666,0,0,-1.4,0.2,0,0,AWAY_TEAM
540624,2026-03-07 17:30:00,25,2414,2025,1. FC Köln,Borussia Dortmund,4,10,7,9,0.3333333333333333,0,0,-0.8,1.0,0,0,AWAY_TEAM
540623,2026-03-08 14:30:00,25,2414,2025,FC St. Pauli 1910,Eintracht Frankfurt,9,7,11,3,0.3333333333333333,2,1,-0.4,0.4,0,0,DRAW
540625,2026-03-08 16:30:00,25,2414,2025,1. FC Union Berlin,SV Werder Bremen,4,4,8,1,0.3333333333333333,0,1,-0.6,-0.6,0,0,AWAY_TEAM
540637,2026-03-13 19:30:00,26,2414,2025,Borussia Mönchengladbach,FC St. Pauli 1910,4,10,7,3,0.25,0,0,-1.2,-0.2,0,0,HOME_TEAM
540631,2026-03-14 14:30:00,26,2414,2025,Bayer 04 Leverkusen,FC Bayern München,8,15,10,13,0.5833333333333334,0,5,0.8,2.4,0,0,DRAW
540634,2026-03-14 14:30:00,26,2414,2025,TSG 1899 Hoffenheim,VfL Wolfsburg,7,1,12,1,0.6666666666666666,1,0,0.0,-1.4,0,0,DRAW
540635,2026-03-14 14:30:00,26,2414,2025,Borussia Dortmund,FC Augsburg,10,9,12,6,0.75,1,0,1.0,0.2,0,0,HOME_TEAM
540638,2026-03-14 14:30:00,26,2414,2025,Eintracht Frankfurt,1. FC Heidenheim 1846,8,1,7,1,0.5,0,0,0.8,-1.4,0,0,HOME_TEAM
540639,2026-03-14 17:30:00,26,2414,2025,Hamburger SV,1. FC Köln,7,1,5,1,0.4166666666666667,1,0,0.0,-1.2,0,0,DRAW
540632,2026-03-15 14:30:00,26,2414,2025,SV Werder Bremen,1. FSV Mainz 05,6,6,5,5,0.3333333333333333,2,0,0.0,-0.4,0,0,AWAY_TEAM
540636,2026-03-15 16:30:00,26,2414,2025,SC Freiburg,1. FC Union Berlin,7,4,13,2,0.5833333333333334,0,0,-0.6,-0.8,0,0,AWAY_TEAM
540633,2026-03-15 18:30:00,26,2414,2025,VfB Stuttgart,RB Leipzig,8,11,13,10,0.75,0,2,1.0,0.6,0,0,HOME_TEAM
540647,2026-03-20 19:30:00,27,2414,2025,RB Leipzig,TSG 1899 Hoffenheim,8,8,5,10,0.5833333333333334,0,0,0.2,0.8,0,0,HOME_TEAM
540640,2026-03-21 14:30:00,27,2414,2025,1. FC Heidenheim 1846,Bayer 04 Leverkusen,1,6,2,8,0.16666666666666666,0,0,-1.2,0.0,0,0,DRAW
540643,2026-03-21 14:30:00,27,2414,2025,VfL Wolfsburg,SV Werder Bremen,2,6,4,3,0.16666666666666666,0,0,-1.2,-0.2,0,0,AWAY_TEAM
540645,2026-03-21 14:30:00,27,2414,2025,1. FC Köln,Borussia Mönchengladbach,2,6,7,2,0.25,0,1,-1.0,-0.8,0,0,DRAW
540646,2026-03-21 14:30:00,27,2414,2025,FC Bayern München,1. FC Union Berlin,13,6,12,4,0.8333333333333334,0,1,1.6,-0.6,0,0,HOME_TEAM
540648,2026-03-21 17:30:00,27,2414,2025,Borussia Dortmund,Hamburger SV,10,5,12,8,0.75,2,0,1.2,-0.2,0,0,HOME_TEAM
540641,2026-03-22 14:30:00,27,2414,2025,1. FSV Mainz 05,Eintracht Frankfurt,6,10,11,3,0.25,1,1,-0.4,1.0,0,0,HOME_TEAM
540642,2026-03-22 16:30:00,27,2414,2025,FC St. Pauli 1910,SC Freiburg,7,4,9,1,0.3333333333333333,0,0,-0.8,-1.0,0,0,AWAY_TEAM
540644,2026-03-22 18:30:00,27,2414,2025,FC Augsburg,VfB Stuttgart,9,11,11,8,0.5,0,1,0.2,1.4,0,0,AWAY_TEAM
540649,2026-04-04 13:30:00,28,2414,2025,SC Freiburg,FC Bayern München,7,13,10,11,0.5833333333333334,1,1,-0.2,1.8,0,0,AWAY_TEAM
540651,2026-04-04 13:30:00,28,2414,2025,TSG 1899 Hoffenheim,1. FSV Mainz 05,5,9,10,7,0.6666666666666666,0,2,-0.8,0.6,0,0,AWAY_TEAM
540652,2026-04-04 13:30:00,28,2414,2025,SV Werder Bremen,RB Leipzig,9,10,4,10,0.3333333333333333,1,1,0.6,1.2,0,0,AWAY_TEAM
540653,2026-04-04 13:30:00,28,2414,2025,Bayer 04 Leverkusen,VfL Wolfsburg,7,1,8,2,0.5833333333333334,0,0,0.2,-1.4,0,0,HOME_TEAM
540654,2026-04-04 13:30:00,28,2414,2025,Hamburger SV,FC Augsburg,4,6,5,6,0.3333333333333333,0,0,-0.4,-0.6,0,0,DRAW
540656,2026-04-04 13:30:00,28,2414,2025,Borussia Mönchengladbach,1. FC Heidenheim 1846,7,2,10,1,0.3333333333333333,0,0,-0.2,-1.0,0,0,DRAW
540650,2026-04-04 16:30:00,28,2414,2025,VfB Stuttgart,Borussia Dortmund,11,10,13,11,0.75,2,3,1.6,0.6,0,0,AWAY_TEAM
540655,2026-04-05 13:30:00,28,2414,2025,1. FC Union Berlin,FC St. Pauli 1910,6,7,5,3,0.25,0,0,-1.2,-0.2,0,0,DRAW
540657,2026-04-05 15:30:00,28,2414,2025,Eintracht Frankfurt,1. FC Köln,7,3,9,2,0.5,0,0,0.2,-0.6,0,0,DRAW
540665,2026-04-10 18:30:00,29,2414,2025,FC Augsburg,TSG 1899 Hoffenheim,4,4,10,7,0.5,0,0,-0.8,-1.0,0,0,DRAW
540659,2026-04-11 13:30:00,29,2414,2025,Borussia Dortmund,Bayer 04 Leverkusen,12,9,12,6,0.75,4,1,1.0,0.8,0,0,AWAY_TEAM
540660,2026-04-11 13:30:00,29,2414,2025,VfL Wolfsburg,Eintracht Frankfurt,1,8,1,3,0.16666666666666666,0,0,-1.8,0.4,0,0,AWAY_TEAM
540663,2026-04-11 13:30:00,29,2414,2025,RB Leipzig,Borussia Mönchengladbach,12,8,8,2,0.5833333333333334,2,0,1.4,0.0,0,0,HOME_TEAM
540664,2026-04-11 13:30:00,29,2414,2025,1. FC Heidenheim 1846,1. FC Union Berlin,2,4,2,3,0.16666666666666666,0,0,-1.0,-1.4,0,0,HOME_TEAM
540658,2026-04-11 16:30:00,29,2414,2025,FC St. Pauli 1910,FC Bayern München,5,13,8,11,0.3333333333333333,0,2,-0.4,1.8,0,0,AWAY_TEAM
540662,2026-04-12 13:30:00,29,2414,2025,1. FC Köln,SV Werder Bremen,3,9,5,6,0.25,0,0,-0.6,0.6,0,0,HOME_TEAM
540666,2026-04-12 15:30:00,29,2414,2025,VfB Stuttgart,Hamburger SV,10,5,12,8,0.6666666666666666,0,0,1.2,-0.2,0,0,HOME_TEAM
540661,2026-04-12 17:30:00,29,2414,2025,1. FSV Mainz 05,SC Freiburg,11,4,11,4,0.3333333333333333,3,0,0.8,-0.6,0,0,AWAY_TEAM
540673,2026-04-17 18:30:00,30,2414,2025,FC St. Pauli 1910,1. FC Köln,2,6,7,2,0.25,0,1,-1.6,0.2,0,0,DRAW
540674,2026-04-18 13:30:00,30,2414,2025,SV Werder Bremen,Hamburger SV,6,5,4,7,0.3333333333333333,0,0,-0.2,-0.8,0,0,HOME_TEAM
540675,2026-04-18 13:30:00,30,2414,2025,Bayer 04 Leverkusen,FC Augsburg,9,2,11,4,0.5833333333333334,2,0,0.8,-1.2,0,0,AWAY_TEAM
540667,2026-04-18 13:30:00,30,2414,2025,TSG 1899 Hoffenheim,Borussia Dortmund,5,12,7,13,0.6666666666666666,0,0,-0.8,1.0,0,0,HOME_TEAM
540671,2026-04-18 13:30:00,30,2414,2025,1. FC Union Berlin,VfL Wolfsburg,4,1,5,2,0.25,0,0,-1.6,-1.2,0,0,AWAY_TEAM
540669,2026-04-18 16:30:00,30,2414,2025,Eintracht Frankfurt,RB Leipzig,8,12,10,10,0.5,1,3,0.2,1.4,0,0,AWAY_TEAM
540672,2026-04-19 13:30:00,30,2414,2025,SC Freiburg,1. FC Heidenheim 1846,7,5,7,1,0.5,1,1,0.0,-0.2,0,0,HOME_TEAM
540670,2026-04-19 15:30:00,30,2414,2025,FC Bayern München,VfB Stuttgart,13,10,12,8,0.8333333333333334,3,1,2.6,1.2,0,0,HOME_TEAM
540668,2026-04-19 17:30:00,30,2414,2025,Borussia Mönchengladbach,1. FSV Mainz 05,5,10,8,10,0.3333333333333333,0,0,-0.4,0.6,0,0,DRAW
540682,2026-04-24 18:30:00,31,2414,2025,RB Leipzig,1. FC Union Berlin,12,4,11,3,0.5833333333333334,4,0,1.6,-1.2,0,0,HOME_TEAM
540676,2026-04-25 13:30:00,31,2414,2025,1. FSV Mainz 05,FC Bayern München,10,13,8,13,0.3333333333333333,0,4,0.6,2.4,0,0,AWAY_TEAM
540677,2026-04-25 13:30:00,31,2414,2025,1. FC Köln,Bayer 04 Leverkusen,7,8,5,8,0.3333333333333333,0,0,0.4,0.6,0,0,AWAY_TEAM
540678,2026-04-25 13:30:00,31,2414,2025,FC Augsburg,Eintracht Frankfurt,5,7,10,5,0.4166666666666667,1,0,-0.8,-0.2,0,0,DRAW
540681,2026-04-25 13:30:00,31,2414,2025,VfL Wolfsburg,Borussia Mönchengladbach,4,6,0,1,0.16666666666666666,1,0,-0.8,0.2,0,0,DRAW
540683,2026-04-25 13:30:00,31,2414,2025,1. FC Heidenheim 1846,FC St. Pauli 1910,5,2,5,4,0.16666666666666666,0,0,0.0,-1.6,0,0,HOME_TEAM
540684,2026-04-25 16:30:00,31,2414,2025,Hamburger SV,TSG 1899 Hoffenheim,2,5,5,5,0.25,0,1,-1.4,-1.0,0,0,AWAY_TEAM
540680,2026-04-26 13:30:00,31,2414,2025,VfB Stuttgart,SV Werder Bremen,9,6,12,6,0.6666666666666666,0,1,0.8,-0.4,0,0,DRAW
540679,2026-04-26 15:30:00,31,2414,2025,Borussia Dortmund,SC Freiburg,9,9,9,6,0.75,0,2,0.6,0.2,0,0,HOME_TEAM
540688,2026-05-02 13:30:00,32,2414,2025,TSG 1899 Hoffenheim,VfB Stuttgart,7,7,7,5,0.75,2,0,-0.8,0.6,0,0,DRAW
540690,2026-05-02 13:30:00,32,2414,2025,SV Werder Bremen,FC Augsburg,7,6,6,7,0.3333333333333333,0,0,0.0,-0.4,0,0,AWAY_TEAM
540691,2026-05-02 13:30:00,32,2414,2025,FC Bayern München,1. FC Heidenheim 1846,15,8,15,1,0.8333333333333334,5,1,2.6,0.6,0,0,DRAW
540692,2026-05-02 13:30:00,32,2414,2025,1. FC Union Berlin,1. FC Köln,1,6,5,3,0.25,0,0,-1.8,0.2,0,0,DRAW
540693,2026-05-02 13:30:00,32,2414,2025,Eintracht Frankfurt,Hamburger SV,5,1,10,4,0.5,0,0,-0.4,-1.6,0,0,AWAY_TEAM
540687,2026-05-02 16:30:00,32,2414,2025,Bayer 04 Leverkusen,RB Leipzig,10,15,8,12,0.5833333333333334,1,5,0.8,2.2,0,0,HOME_TEAM
540686,2026-05-03 13:30:00,32,2414,2025,FC St. Pauli 1910,1. FSV Mainz 05,2,7,5,8,0.25,0,0,-1.6,0.0,0,0,AWAY_TEAM
540685,2026-05-03 15:30:00,32,2414,2025,Borussia Mönchengladbach,Borussia Dortmund,4,9,9,10,0.3333333333333333,0,1,-0.2,1.0,0,0,HOME_TEAM
540689,2026-05-03 17:30:00,32,2414,2025,SC Freiburg,VfL Wolfsburg,9,4,7,5,0.5833333333333334,0,0,-0.4,-0.8,0,0,DRAW
540696,2026-05-08 18:30:00,33,2414,2025,Borussia Dortmund,Eintracht Frankfurt,6,5,9,5,0.75,0,0,0.6,-0.4,0,0,HOME_TEAM
540695,2026-05-09 13:30:00,33,2414,2025,VfB Stuttgart,Bayer 04 Leverkusen,5,12,10,11,0.5833333333333334,0,2,0.0,1.4,0,0,HOME_TEAM
540698,2026-05-09 13:30:00,33,2414,2025,TSG 1899 Hoffenheim,SV Werder Bremen,8,4,5,7,0.6666666666666666,0,0,0.2,-0.6,0,0,HOME_TEAM
540699,2026-05-09 13:30:00,33,2414,2025,FC Augsburg,Borussia Mönchengladbach,9,6,8,2,0.4166666666666667,1,1,0.6,0.0,0,0,HOME_TEAM
540701,2026-05-09 13:30:00,33,2414,2025,RB Leipzig,FC St. Pauli 1910,12,2,13,4,0.5833333333333334,0,0,0.6,-1.6,0,0,HOME_TEAM
540694,2026-05-09 16:30:00,33,2414,2025,VfL Wolfsburg,FC Bayern München,5,13,1,13,0.16666666666666666,0,0,-0.6,1.8,0,0,AWAY_TEAM
540697,2026-05-10 13:30:00,33,2414,2025,Hamburger SV,SC Freiburg,4,7,2,6,0.25,1,0,-1.2,-0.6,0,0,HOME_TEAM
540702,2026-05-10 15:30:00,33,2414,2025,1. FC Köln,1. FC Heidenheim 1846,6,8,5,2,0.25,0,0,0.2,0.6,0,0,AWAY_TEAM
540700,2026-05-10 17:30:00,33,2414,2025,1. FSV Mainz 05,1. FC Union Berlin,7,2,5,3,0.3333333333333333,1,0,0.0,-1.0,0,0,AWAY_TEAM
540703,2026-05-16 13:30:00,34,2414,2025,SV Werder Bremen,Borussia Dortmund,4,6,6,7,0.25,0,1,-0.6,0.4,0,0,AWAY_TEAM
540704,2026-05-16 13:30:00,34,2414,2025,1. FC Heidenheim 1846,1. FSV Mainz 05,10,4,8,11,0.25,1,0,1.0,-0.6,0,0,AWAY_TEAM
540705,2026-05-16 13:30:00,34,2414,2025,SC Freiburg,RB Leipzig,7,12,5,9,0.5833333333333334,0,1,-0.6,0.6,0,0,HOME_TEAM
540706,2026-05-16 13:30:00,34,2414,2025,Eintracht Frankfurt,VfB Stuttgart,4,8,7,6,0.4166666666666667,0,1,-0.6,0.8,0,0,DRAW
540707,2026-05-16 13:30:00,34,2414,2025,FC St. Pauli 1910,VfL Wolfsburg,1,5,2,5,0.25,0,0,-1.8,-0.2,0,0,AWAY_TEAM
540708,2026-05-16 13:30:00,34,2414,2025,1. FC Union Berlin,FC Augsburg,4,11,5,7,0.16666666666666666,1,2,-0.6,1.0,0,0,HOME_TEAM
540709,2026-05-16 13:30:00,34,2414,2025,Borussia Mönchengladbach,TSG 1899 Hoffenheim,5,11,11,8,0.4166666666666667,0,1,-0.4,0.6,0,0,HOME_TEAM
540710,2026-05-16 13:30:00,34,2414,2025,FC Bayern München,1. FC Köln,13,5,13,4,0.75,1,0,1.8,-0.2,0,0,HOME_TEAM
540711,2026-05-16 13:30:00,34,2414,2025,Bayer 04 Leverkusen,Hamburger SV,9,6,8,6,0.5833333333333334,0,2,0.4,-1.0,0,0,DRAW
